PC1,PC2,PC3,SampleID,PD,Cohort
-0.297501174979727,1.97913000005838e-16,1.92762830142314e-19,ERR365835,0,Finland
0.146709679883081,-7.01985591430635e-18,3.04654288961115e-18,ERR365836,0,Finland
0.1675352745029,-2.6506558452862e-16,3.91216729982246e-18,ERR365837,0,Finland
-0.136885102283002,-9.11476809983692e-17,-2.93360462357881e-18,ERR365838,0,Finland
-0.25222250700139,1.88020429637615e-16,-4.7763806636774e-18,ERR365839,0,Finland
-0.184128282249824,8.10247089135594e-17,-2.58301286138883e-18,ERR365840,0,Finland
0.0696611749295519,-8.79976578024225e-17,9.4660416755795e-19,ERR365841,0,Finland
-0.269623966265316,-2.53064562742082e-16,-5.9428879677069e-18,ERR365842,0,Finland
0.293490560940547,9.21254939879435e-17,1.95140982398439e-18,ERR365843,0,Finland
-0.140269839726664,-1.92071355696975e-16,-5.92704928847962e-19,ERR365844,0,Finland
0.151362683564012,7.79900302419147e-17,2.5202540787769e-18,ERR365845,0,Finland
-0.0327958603119742,1.38253043388368e-18,-6.23490538222022e-19,ERR365846,0,Finland
0.119136275333486,1.12965386744307e-17,-4.43844623343544e-19,ERR365847,0,Finland
0.201422083543039,1.81643778779464e-16,3.77625960170936e-18,ERR365848,0,Finland
-0.0716989922992816,1.76269704150593e-16,-1.13481371379686e-18,ERR365849,0,Finland
-0.0614993332722172,-6.24808176385128e-18,6.53262557368181e-19,ERR365850,0,Finland
0.244496971495334,2.42089813557403e-17,1.83556374539822e-18,ERR365851,0,Finland
-0.0652454684629897,-6.60390246756257e-19,-2.77163532095965e-19,ERR365852,0,Finland
-0.262789880746941,-1.05378306950061e-17,-4.79248531406229e-18,ERR365853,0,Finland
-0.219896727351266,9.45740872194666e-19,-1.81967383473824e-18,ERR365854,0,Finland
0.131766112385288,-9.5517845676863e-17,2.80856560051362e-18,ERR365855,0,Finland
0.066839511284363,9.08689009758369e-17,-8.47395882757975e-20,ERR365856,0,Finland
0.168229426779269,-2.6506432603984e-16,2.90300141774906e-18,ERR365857,0,Finland
0.189286022919922,2.04225972589434e-17,5.4247085512474e-18,ERR365858,0,Finland
0.17508158034261,1.26339572397897e-17,3.12537340691346e-18,ERR365859,0,Finland
-0.108505670061675,1.65404320498793e-16,-1.04438734680753e-19,ERR365860,0,Finland
-0.0304363834285569,-8.9664490311459e-17,-2.43534035173203e-19,ERR365861,0,Finland
0.0915682008974992,8.23919046831867e-17,2.0659829039377e-18,ERR365862,0,Finland
-0.162072753874381,-7.62747239799743e-17,-9.71618136252919e-19,ERR365863,0,Finland
0.0532634029693762,4.6610569824092e-18,8.103126865004e-19,ERR365864,0,Finland
-0.107632722839717,8.08815017734453e-17,1.09048506962405e-18,ERR365865,0,Finland
0.252284135370164,8.25965443461741e-17,5.4275545161387e-18,ERR365866,0,Finland
0.0968264139401411,-1.70239352479561e-16,-1.30237311689455e-18,ERR365867,0,Finland
1.01180891546404,-7.27587134540717e-17,7.76234856518815e-18,ERR365868,0,Finland
-0.274350154010387,-9.28714182507095e-17,-5.60894375967345e-19,ERR365869,0,Finland
0.00115563747217662,8.88172266198413e-17,1.34127279134849e-20,ERR365870,0,Finland
-0.0521170627912823,-1.77567541151007e-16,-1.0536162725567e-18,ERR365871,0,Finland
-0.172754072791803,7.41064362990688e-17,3.27362177402149e-19,ERR365872,0,Finland
0.283155479351318,1.20469485455657e-16,3.47796612379714e-18,ERR365873,0,Finland
0.127538051759974,-1.80743801851512e-16,2.97197103241344e-18,ERR365874,0,Finland
-0.204512289209633,8.20285870675233e-17,-3.3641988000261e-18,ERR365875,0,Finland
-0.146752723448833,-1.81371191614183e-16,-3.55387494350641e-18,ERR365876,0,Finland
-0.252900436151945,-1.87461695814036e-16,-3.52218212533241e-19,ERR365877,0,Finland
-0.194732933034512,-9.59363117259231e-17,-3.23988420317906e-18,ERR365878,0,Finland
-0.257782713363784,-1.62403793089369e-16,-3.80313877252047e-18,ERR365879,0,Finland
0.0686151666129397,2.6189417090303e-16,9.16479157944967e-19,ERR365880,0,Finland
-0.0296801492205465,8.55547938264145e-17,-2.43093117107868e-19,ERR365881,0,Finland
-0.389589766830306,5.64528175038129e-17,4.11631573722644e-19,ERR365882,0,Finland
0.113866772092881,1.01861234625067e-16,1.6256004710454e-18,ERR365883,0,Finland
-0.341398871107986,-2.1771959459958e-16,-7.38028460394e-18,ERR365884,0,Finland
0.748594647519803,4.85416706168545e-17,7.0033897456643e-18,ERR365885,0,Finland
0.212862096776402,1.08849501466117e-16,-4.46594131427841e-19,ERR365886,0,Finland
-0.0451605615392579,-2.98715927748061e-19,-1.05590136160237e-19,ERR365887,0,Finland
-0.114160947788557,-9.08462738892109e-17,-1.57804630097592e-18,ERR365888,0,Finland
-0.436707797568019,-1.21441763142502e-16,-1.77311964388788e-18,ERR365889,0,Finland
-0.343735155299423,2.78262777729873e-17,6.56386954806642e-19,ERR365890,0,Finland
0.191416786855975,2.91910684295793e-16,3.24826953292074e-18,ERR365891,0,Finland
-0.02075039821786,-2.44454901698392e-18,-5.45477511298342e-19,ERR365892,0,Finland
-0.306667582636214,1.74851399299317e-17,-3.4668155742249e-18,ERR365893,0,Finland
-0.193613623034397,-9.59342824318834e-17,-3.68106418800999e-18,ERR365894,0,Finland
-0.221064216742028,6.71233248380802e-17,7.43130417886497e-19,ERR365895,0,Finland
-0.0662480970325723,1.76279586550709e-16,-7.38447490034558e-19,ERR365896,0,Finland
-0.32032867503907,1.11135440255111e-16,-6.97907342991571e-18,ERR365897,0,Finland
-0.166934865532315,8.46554315604547e-17,-4.10691194188426e-18,ERR365898,0,Finland
-0.272285251460843,-7.95970400188191e-17,-1.4923960727159e-18,ERR365899,0,Finland
-0.0464628633126385,9.2376524720639e-17,2.7254940125216e-19,ERR365900,0,Finland
0.0646504882088816,1.84735156400113e-16,8.38710997750016e-19,ERR365901,0,Finland
-0.167674427195645,7.41156456285047e-17,-2.29980775200554e-18,ERR365902,0,Finland
0.04099022499237,5.18837619662379e-19,2.99882958202458e-19,ERR365903,0,Finland
-0.0986839516877586,-1.89090299216644e-16,-1.83100772140766e-18,ERR365904,0,Finland
-0.281104355980543,1.50151095455926e-16,-5.03929662372914e-18,ERR365905,0,Finland
-0.251091581674285,-9.28292507705581e-17,-3.48234002335534e-19,ERR365906,0,Finland
-0.0117385133232384,-6.74513576367716e-19,-6.87945481144458e-20,ERR365907,0,Finland
0.267662271084577,-1.4922136786403e-16,3.59563038716875e-18,ERR365908,0,Finland
-0.0328901213055623,8.54405539727659e-17,-1.22859008779802e-19,ERR365909,1,Finland
0.317184647192629,1.83154697363975e-16,-2.63176336087808e-18,ERR365910,1,Finland
0.185627201248338,1.00993869323377e-16,4.27817127851916e-19,ERR365911,1,Finland
0.0404821638468845,4.88725126672648e-18,8.06662580797912e-19,ERR365912,1,Finland
-0.0800884021543392,-9.10070914523993e-18,-1.90048638595088e-18,ERR365913,1,Finland
-0.00254575316000912,1.778099618821e-16,-5.05778779163619e-20,ERR365914,1,Finland
0.0772255814267443,-2.65793099922373e-16,-3.81110390837611e-19,ERR365915,1,Finland
-0.178782602360599,-9.11802725179917e-17,-5.64862090290147e-18,ERR365916,1,Finland
-0.0418038155555916,-8.67252273827798e-17,-4.89657634790423e-19,ERR365917,1,Finland
0.128093334232821,1.04445744318761e-16,2.80748463804741e-18,ERR365918,1,Finland
-0.0852843695324163,-1.79720183226828e-16,-2.17390647538253e-19,ERR365919,1,Finland
-0.178782602360599,-9.11802725179917e-17,-5.64862090290147e-18,ERR365920,1,Finland
0.189167782903231,9.19004838442687e-18,-1.83704862043219e-18,ERR365921,1,Finland
0.245999342191604,-9.78260914012765e-17,2.03448586359229e-18,ERR365922,1,Finland
0.0827253137694877,9.77769517762397e-18,2.18631399638629e-19,ERR365923,1,Finland
-0.0719707426538509,-9.06830474385416e-17,-1.12500373757669e-18,ERR365924,1,Finland
-0.0374978364012586,8.45648385090185e-17,-1.943637913764e-19,ERR365925,1,Finland
-0.145409156701289,9.72278344962115e-17,-4.34357706174732e-18,ERR365926,1,Finland
-0.0489695675957326,-9.05112423555097e-17,-1.73508865432442e-18,ERR365927,1,Finland
0.157410473399333,-9.89407997457442e-17,-8.89647523989975e-19,ERR365928,1,Finland
1.10840170643122,-6.25221958570165e-17,2.43914644061207e-17,ERR365929,1,Finland
0.0301748099712056,-9.53601494054472e-19,2.01675516519531e-19,ERR365930,1,Finland
-0.179675576851195,1.89106054162169e-16,-4.1235196503291e-19,ERR365931,1,Finland
-0.167838698450471,-1.79024175424996e-16,-2.60055885424401e-18,ERR365932,1,Finland
-0.0274079381789454,-8.83525361629353e-17,-1.23916251151246e-19,ERR365933,1,Finland
0.204179540931554,-7.33122048689116e-17,3.67626533472812e-18,ERR365934,1,Finland
-0.0906306681581233,-3.65544318298894e-18,-2.05408654248469e-18,ERR365935,1,Finland
0.280037176556017,9.21011031822308e-17,-1.38316247463809e-18,ERR365936,1,Finland
-0.0291125902760542,5.48951469453778e-19,-2.02292166596846e-19,ERR365937,1,Finland
0.311944006571772,-1.74755738440019e-17,1.9255850021651e-18,ERR365938,1,Finland
-0.00855500590927401,-8.8987850890731e-17,-2.69585367138502e-21,ERR365939,1,Finland
0.186334294781874,1.07895305236893e-17,-6.57689410764343e-19,ERR365940,1,Finland
0.0665264941163371,2.63596068303306e-18,4.90635108224705e-19,ERR365941,1,Finland
-0.275969530063525,-2.10662078176631e-16,-3.15712734621097e-18,ERR365942,1,Finland
0.0592510058444552,9.2394710202034e-17,-2.76938215294103e-19,ERR365943,1,Finland
0.119907117888536,-8.32228091956269e-17,-5.86975363494353e-19,ERR365944,1,Finland
0.199508419073153,9.1434688580615e-17,4.868648494919e-18,ERR365945,1,Finland
-0.0829585496395026,-4.75663391207031e-19,-1.62468536989771e-18,ERR365946,1,Finland
0.306331412435593,-5.8945640477849e-17,-9.17192129844987e-19,ERR365947,1,Finland
0.283155479351318,1.20469485455657e-16,3.47796612379714e-18,ERR365948,1,Finland
0.14038985029664,-1.75993380240848e-16,-1.7295200357022e-19,ERR365949,1,Finland
-0.201501430937844,-9.24791359700201e-17,-6.15486558817468e-18,ERR365950,1,Finland
-0.201818799439158,-1.11518301503708e-16,-1.09976069665403e-18,ERR365951,1,Finland
0.102545818092605,1.06593071810513e-17,-3.26121269099467e-19,ERR365952,1,Finland
-0.249354956888464,-2.73237343794667e-16,-5.32204659137252e-18,ERR365953,1,Finland
0.108407676751897,8.62605101179842e-17,-3.71793615296972e-19,ERR365954,1,Finland
-0.128457247738149,-1.04446404089073e-16,-9.3476045198858e-19,ERR365955,1,Finland
0.205861800672703,9.27038816964496e-17,1.75149215836389e-18,ERR365956,1,Finland
0.204299606601346,2.08401294671809e-17,6.73271306408651e-19,ERR365957,1,Finland
0.0722810917189658,-1.76463805203188e-16,1.25404408492892e-18,ERR365958,1,Finland
0.130985886955311,1.71411314650813e-16,-1.66756985293151e-19,ERR365959,1,Finland
0.114195287065653,1.12875807288741e-17,1.24683814344186e-18,ERR365960,1,Finland
-0.138917347547981,7.50785116536601e-17,-1.35716093000752e-18,ERR365961,1,Finland
-0.0472991441803298,-8.87734904242522e-17,-1.14187565111025e-18,ERR365962,1,Finland
-0.165289393826218,-1.8210687346804e-17,1.74438058818671e-18,ERR365963,1,Finland
-0.0916964360990797,1.71549695667665e-16,-9.1149519717112e-19,ERR365964,1,Finland
0.150225765477393,1.05830280814078e-16,2.6926201421024e-18,ERR365965,1,Finland
-0.0954175209296024,-6.06671556545857e-19,-2.49555352646854e-18,ERR365966,1,Finland
0.0753289977451839,-4.37371057348278e-18,1.03208831355369e-18,ERR365967,1,Finland
0.245748787044576,2.61394360465468e-18,5.31073978639553e-18,ERR365968,1,Finland
-0.229043622567698,1.64730421892778e-16,-1.72795058550572e-18,ERR365969,1,Finland
0.127982252559655,1.89056680469944e-16,4.80497529627537e-19,ERR365970,1,Finland
0.144447915496649,9.11613922774394e-17,3.79531287140391e-18,ERR365971,1,Finland
-0.163311173121344,-2.07417253257541e-18,-1.76010476787274e-18,ERR365972,1,Finland
-0.249354956888464,-2.73237343794667e-16,-5.32204659137252e-18,ERR365973,1,Finland
-0.28366171276995,-1.82313295168639e-16,-9.00342066660215e-19,ERR365974,1,Finland
-0.069431470118258,-9.08736001624896e-17,-1.36626957792454e-19,ERR365975,1,Finland
0.246124643796367,2.42119323038232e-17,5.3187657696301e-18,ERR365976,1,Finland
0.00978134733786389,-8.78487211119311e-17,1.57102704031799e-19,ERR365977,1,Finland
-0.0548858925270265,1.72169375798138e-16,1.38054104710405e-19,ERR365978,1,Finland
-0.153192994541094,1.74929334226215e-16,1.759089311956e-18,ERR365979,1,Finland
-0.227422018868596,-1.89150227260701e-16,-1.64067598532676e-18,ERR365980,1,Finland
-0.00137840286650597,8.87719748571766e-17,-8.48576318488984e-21,ERR365981,1,Finland
0.192246670295965,1.97774435694939e-17,-1.35723531845471e-18,ERR365982,1,Finland
-4.77085448712875,-4.39988893019566,-0.106705502625288,SRR16873580,1,Malaysia
-5.27009030898652,-0.795921099280068,0.0212988061261705,SRR16873581,1,Malaysia
1.36674082480728,-0.706982515056605,-1.02237087050554,SRR16873582,1,Malaysia
-4.97174938049357,-1.68431649689417,-4.49297592155073,SRR16873583,1,Malaysia
1.83402671504375,-3.47533813744428,1.15684073902214,SRR16873584,1,Malaysia
0.0334513871042681,0.0159834343107248,-3.24945667630909,SRR16873585,1,Malaysia
2.24862035644617,-3.87732680288883,0.577320484540762,SRR16873586,1,Malaysia
-6.04674247626476,-3.14370785939308,2.70448562750486,SRR16873587,1,Malaysia
-7.10100783773719,-2.53935199656838,-2.41083806814686,SRR16873588,1,Malaysia
1.69147270338671,-2.07044084870647,-1.21441671843609,SRR16873589,1,Malaysia
1.36135746060347,-0.0813654830589489,-2.28931715362096,SRR16873590,1,Malaysia
-6.36106918548338,-1.58164145817233,-2.58621347826735,SRR16873591,1,Malaysia
1.12129445135842,-0.959309284805693,-0.194929614140577,SRR16873592,1,Malaysia
-5.29190718731473,-2.14154077451955,-1.44458631110094,SRR16873593,1,Malaysia
-4.84858496390555,-3.09679966173268,-5.10820903572168,SRR16873594,1,Malaysia
0.997425722855382,-1.11496385453609,-0.324707883949019,SRR16873595,1,Malaysia
-5.15941562533683,-3.14719369299623,0.444286955724497,SRR16873596,1,Malaysia
-5.84906724974663,-2.15256043456782,-0.137345057470357,SRR16873597,1,Malaysia
1.60205727899655,-3.80624208031788,1.64648525835108,SRR16873598,1,Malaysia
0.295460284115072,-1.59503406202602,-0.119499426565107,SRR16873599,1,Malaysia
2.95904654774057,-5.18205518157668,0.0661130296913522,SRR16873600,1,Malaysia
3.30531928670856,-2.36123198159846,-1.80986751434183,SRR16873601,1,Malaysia
3.37682903353657,-3.23181075112252,-2.51203160273099,SRR16873602,1,Malaysia
2.87384466448787,-2.36209863432361,-2.32855104929339,SRR16873603,1,Malaysia
2.96305748075861,-3.03921762816837,1.45070740289114,SRR16873604,1,Malaysia
-4.88566245146672,0.817835652566299,2.26722131983878,SRR16873605,1,Malaysia
1.28119642680456,-4.0945647790053,3.41813344083513,SRR16873606,1,Malaysia
3.39373709204926,-0.901223224286739,-5.66697595749085,SRR16873607,1,Malaysia
1.42396033609253,-1.48016174728186,-0.742857279688348,SRR16873608,1,Malaysia
-6.09006459576164,-0.582682021680333,-1.82769719017767,SRR16873609,1,Malaysia
2.10991422833725,-1.72546850344489,1.23744363174066,SRR16873610,1,Malaysia
1.24803372230444,-3.61457571368924,0.135990143407622,SRR16873612,1,Malaysia
-5.87415769526572,-3.60756407854421,0.962195666924596,SRR16873613,1,Malaysia
-2.27816803290419,-3.17701968079476,0.0983388128889728,SRR16873614,1,Malaysia
2.0346037938103,1.58760347058662,2.13246054139731,SRR16873615,1,Malaysia
2.96843850915792,-0.552331832452792,-0.181626934555361,SRR16873616,1,Malaysia
1.99181104059031,-3.88360375549759,2.04830914333836,SRR16873617,1,Malaysia
-5.98833667958716,-4.80713259726731,0.680433967698153,SRR16873618,1,Malaysia
1.85725246833387,-0.768033669544486,1.14792128133208,SRR16873619,1,Malaysia
1.52411763589452,-0.473947124752826,2.03565823868908,SRR16873620,0,Malaysia
3.2377882098068,-0.124997012027546,-0.854612705943562,SRR16873621,0,Malaysia
3.73369081457687,2.40666023773566,0.488995207175319,SRR16873622,0,Malaysia
2.6722338545335,1.75857895010794,-2.66833632551128,SRR16873623,0,Malaysia
2.30135062350579,4.17449448614098,-0.485618087608275,SRR16873624,0,Malaysia
-0.06271454780109,1.82605096255461,5.75448239342979,SRR16873625,0,Malaysia
2.63830456376319,2.88558184386366,-2.82533117912122,SRR16873626,0,Malaysia
1.01768110592904,-0.807451497946781,-0.0651779367217262,SRR16873627,0,Malaysia
4.78448379642226,-1.42187577235821,-3.38235563055667,SRR16873628,0,Malaysia
0.920838227248823,-0.0698301951574945,5.56108118202347,SRR16873629,0,Malaysia
-4.89196240093596,-0.442892469019375,0.730660535186815,SRR16873630,0,Malaysia
2.80394472437567,0.782977125262637,0.465685073467431,SRR16873631,0,Malaysia
1.13175179697722,1.03991499824068,-1.0687941836256,SRR16873632,0,Malaysia
2.25931870442248,0.857831039532781,-0.731853132653583,SRR16873633,0,Malaysia
-5.9639317164019,1.45319289699759,3.05219109674768,SRR16873634,0,Malaysia
-4.89727122238314,3.358195633507,3.22839463883832,SRR16873635,0,Malaysia
2.57724400183456,-1.92592263117128,1.1428884462489,SRR16873636,1,Malaysia
3.32160063898736,-0.956708880981979,-0.349443349541465,SRR16873637,0,Malaysia
-5.09195484869423,0.276926603341216,1.59341646468203,SRR16873638,0,Malaysia
1.46110785618161,-0.301360047923805,-0.699728567809137,SRR16873639,0,Malaysia
-0.000934057826180939,-1.44741207947379,-3.8619770175531,SRR16873640,0,Malaysia
-4.36364035722459,4.78618198177812,-0.272364350375181,SRR16873641,0,Malaysia
1.62915480586892,3.08310147368059,-3.47973423295651,SRR16873642,0,Malaysia
2.87502787148206,1.70380605730335,-0.138764502112195,SRR16873643,0,Malaysia
-0.164004227817713,-1.33353284382732,2.02332345446351,SRR16873644,0,Malaysia
2.95718104062103,0.289601240346985,-2.6015273628207,SRR16873645,0,Malaysia
3.48415598889735,0.452215691333735,-3.65402404656542,SRR16873646,0,Malaysia
1.15950296143586,2.06031394848728,-1.79325983283003,SRR16873647,1,Malaysia
2.08936842659748,0.483776301740602,2.02294493285287,SRR16873648,0,Malaysia
1.65634212962034,0.869748532223161,-0.478770008195312,SRR16873649,0,Malaysia
0.210575539287707,0.681685436950736,-2.09140566799278,SRR16873650,0,Malaysia
3.30176002093066,3.65521817936319,-2.07587449642435,SRR16873651,0,Malaysia
1.37977627696207,-1.14313251674314,-0.0890006420913165,SRR16873652,1,Malaysia
2.83606566401782,-1.92453380484533,-3.33331353123705,SRR16873653,1,Malaysia
1.32556537656416,-2.31991267155871,-0.354632239724481,SRR16873655,1,Malaysia
0.7273534754075,-1.73369575315565,-1.76950938851313,SRR16873656,1,Malaysia
-4.75839460449194,-0.784611651092058,-3.20063641544982,SRR16873657,1,Malaysia
-6.00605706396262,0.178038475250157,-1.80605269369521,SRR16873658,1,Malaysia
-5.5537865414346,-0.843569656454215,-0.584852285216249,SRR16873659,1,Malaysia
1.41863401213889,-0.399352232146449,1.49335499323277,SRR16873660,1,Malaysia
-5.33063210661669,-1.63422379295371,2.77673610978029,SRR16873661,1,Malaysia
3.54096801131803,-0.69145011268321,4.18260891765997,SRR16873662,1,Malaysia
3.83651691314177,-3.25321611387156,0.523572968606658,SRR16873664,1,Malaysia
-5.44520233785097,-2.72705082128779,1.12445710263238,SRR16873665,1,Malaysia
-7.21155843138083,-1.17152339227987,-1.12955844721003,SRR16873666,1,Malaysia
-6.28393605433738,-0.290683227529278,-2.33373946191943,SRR16873667,1,Malaysia
1.19715679664985,3.934920165302,0.98733272102582,SRR16873668,0,Malaysia
-4.58963258211461,0.495049204567801,3.54448022637721,SRR16873669,0,Malaysia
4.17537272957159,2.46423148239704,-1.42406643247186,SRR16873670,0,Malaysia
1.62292977275878,0.500165388138227,-0.70297507462665,SRR16873671,0,Malaysia
2.61934261439852,-0.751901017824231,0.176170503506302,SRR16873672,0,Malaysia
2.5192535968531,2.31663526450966,-1.69059314282421,SRR16873673,0,Malaysia
2.35625207701641,-2.80677831937167,-4.19868416596,SRR16873674,0,Malaysia
3.33809599381005,1.36166024548682,0.519183662397884,SRR16873675,0,Malaysia
0.804537971617912,1.82231502768938,2.90680665985885,SRR16873676,0,Malaysia
2.50308643986445,0.269825014089613,2.80198167653972,SRR16873677,0,Malaysia
2.33571936125339,-3.51330648113681,1.86122581076253,SRR16873678,1,Malaysia
-5.03527871695201,2.79425402408664,0.645194936759969,SRR16873679,0,Malaysia
-1.26895233165823,-2.32109364107027,0.99930797663142,SRR16873680,0,Malaysia
3.48581771781609,-0.491867388938933,3.54709439156134,SRR16873681,0,Malaysia
1.53044450869683,1.88533394401095,-1.53377550393242,SRR16873682,0,Malaysia
4.40361176056428,5.55845661105805,1.13811024955195,SRR16873683,0,Malaysia
-5.82417098238344,1.58337399456454,-5.21391776799188,SRR16873684,1,Malaysia
-5.57315846529727,0.442603247208888,-2.3772908918946,SRR16873685,1,Malaysia
-0.690877142646448,1.76658122345972,-0.0477870108953931,SRR16873686,1,Malaysia
3.32251778855942,-1.10696884955686,1.38467587591216,SRR16873687,1,Malaysia
3.14671686015914,0.507873385793931,1.87277424714471,SRR16873688,1,Malaysia
2.06678680673126,-3.85235452732439,2.94256991127658,SRR16873689,1,Malaysia
2.61874909792615,-3.17071948493965,3.30744547066339,SRR16873690,1,Malaysia
-2.24569570710116,-0.173497999835328,-1.58050472006264,SRR16873691,1,Malaysia
2.2363264645367,-2.7569863441793,5.24768688943822,SRR16873692,1,Malaysia
-5.53621723039504,1.03932215648414,1.65652806827445,SRR16873693,1,Malaysia
1.90081108474905,-0.41755876597398,1.926334753301,SRR16873694,1,Malaysia
3.24151706757154,-1.90882643818709,-1.06650346600279,SRR16873695,1,Malaysia
-4.21138215971819,-3.51179895676803,-3.67752403472982,SRR16873696,1,Malaysia
3.27330929171223,-2.11401315532401,2.21840405260174,SRR16873697,1,Malaysia
3.73939100311671,-1.972598945755,4.21420371331637,SRR16873698,1,Malaysia
4.02675678534876,-0.223330809985028,0.187850282325891,SRR16873699,1,Malaysia
1.75917969835463,-0.0549344066934598,-2.99583431440988,SRR16873700,1,Malaysia
3.38054291717144,-0.142254961903295,2.55746265414061,SRR16873701,1,Malaysia
-5.94182197273357,-2.2809783442181,-0.855650794382858,SRR16873702,1,Malaysia
0.107932353461723,-1.60426932911507,2.96598991381689,SRR16873703,1,Malaysia
4.66811760013094,-3.9226857015461,1.84015451692928,SRR16873704,1,Malaysia
1.84271688931263,-1.77581980545483,2.52939711093617,SRR16873705,1,Malaysia
3.18372782460896,-0.45204358828226,-0.148822036559111,SRR16873706,1,Malaysia
-1.55539368825929,-0.343803705525158,0.554589361213691,SRR16873707,1,Malaysia
3.92187090802772,-4.83833765796618,1.55554748515944,SRR16873708,1,Malaysia
-5.1337401796224,-1.41108138966807,1.11204367193429,SRR16873709,1,Malaysia
1.37300982547239,-0.589459793042941,-3.37618565289407,SRR16873710,1,Malaysia
2.07940523891888,-3.51706979019352,3.98097759341507,SRR16873711,1,Malaysia
-4.94277804605399,-1.21612095856341,2.7866904336822,SRR16873712,1,Malaysia
-6.29751146780357,2.17390879862,-4.49127115954893,SRR16873713,1,Malaysia
0.941551499357013,-5.35779214832764,1.79141084566501,SRR16873714,1,Malaysia
2.4230901728948,-0.508206985547397,0.875971175309777,SRR16873715,1,Malaysia
2.22200739862992,5.1040513341921,0.709606213004757,SRR16873716,0,Malaysia
3.46668292763462,3.88780639425856,0.512218071707815,SRR16873717,0,Malaysia
2.14851521745779,-2.57829113465004,1.32377508801784,SRR16873717,1,Malaysia
3.8326715326712,2.02937543564294,-1.05082694732252,SRR16873718,0,Malaysia
2.0229945763609,4.98095274047156,-0.219548037845886,SRR16873719,0,Malaysia
-5.08865748257317,2.58814542997219,6.04414776426781,SRR16873720,0,Malaysia
3.01044786035858,4.43113247565783,2.22542050351572,SRR16873721,0,Malaysia
0.355011434960835,-1.34580238212612,-0.0439157307958549,SRR16873722,1,Malaysia
2.35766174085212,3.95184030110147,-1.89958865156627,SRR16873723,0,Malaysia
2.09337828078312,-0.124079043500414,-2.9069293754158,SRR16873724,0,Malaysia
1.90794403379622,0.746854924327949,-0.525770911347432,SRR16873725,0,Malaysia
1.8495949583339,0.396517677188402,-1.40621609879236,SRR16873726,0,Malaysia
-3.93735997070645,2.41519798348395,3.02083801847164,SRR16873727,0,Malaysia
2.48372947846271,3.00095116322157,-3.35319855169602,SRR16873728,0,Malaysia
1.02978145106431,3.15084992542884,-3.49005408602777,SRR16873729,0,Malaysia
-0.343653417411826,5.21619148208904,1.46451859503033,SRR16873730,0,Malaysia
2.56537003015981,3.14379393433052,0.194601258386128,SRR16873731,0,Malaysia
3.11433732399973,2.67710928615171,1.16520682153162,SRR16873732,0,Malaysia
2.25843933988322,-0.453168993793417,1.48865190222335,SRR16873733,1,Malaysia
3.09930102472599,0.283633786806032,0.28208067114122,SRR16873734,0,Malaysia
-5.07773566940563,4.83019698620776,5.71504164006857,SRR16873735,0,Malaysia
3.2022531476388,0.826437198973323,1.12916398238632,SRR16873736,0,Malaysia
1.07143509538142,3.42811541743364,5.57620906471311,SRR16873737,0,Malaysia
4.10886615618791,5.73468929892645,2.3738333993034,SRR16873738,0,Malaysia
4.00021582035825,4.81327361766593,0.694626662665797,SRR16873739,0,Malaysia
-4.66003132068633,3.90451392255754,5.91430217787328,SRR16873740,0,Malaysia
-3.08696031691237,3.7999044321167,-0.561828343220497,SRR16873741,0,Malaysia
-5.12072596164009,1.71492579512664,5.28043693154916,SRR16873742,0,Malaysia
-5.63574693770824,0.173488019278004,0.455451523765754,SRR16873743,0,Malaysia
-4.78090346397607,0.0102617440411455,-2.1117984666272,SRR16873744,1,Malaysia
1.56401477600491,-0.824594382679367,-0.179118105283954,SRR16873745,0,Malaysia
3.12884876950343,3.58071141119442,-0.222767661286293,SRR16873746,0,Malaysia
-5.33987527173106,2.59820362793606,-0.521421506860954,SRR16873747,0,Malaysia
1.88903357881541,2.72484201052676,0.762884339073349,SRR16873748,0,Malaysia
-4.94202541701807,4.15233027356524,-2.39685835838589,SRR16873749,0,Malaysia
2.90709950046576,2.73727170296244,0.334039296642441,SRR16873750,0,Malaysia
-5.37997099088457,3.03979977736593,-0.629976518720328,SRR16873751,0,Malaysia
5.20620508249979,-2.05576466101641,-3.02241328827735,SRR16873752,0,Malaysia
2.68162334440747,1.14862204092531,0.00773720385544046,SRR16873753,0,Malaysia
-4.6578785645949,2.08408022654827,-0.968853289285352,SRR16873754,0,Malaysia
2.07598523568135,-1.77688597831907,-3.59170336460698,SRR16873755,1,Malaysia
1.59106075123086,1.70404909177401,0.5838978844768,SRR16873756,0,Malaysia
1.01831245703032,3.70201860941504,-2.44519750788318,SRR16873757,0,Malaysia
3.08430871213509,0.0410159073071791,-2.19076666922544,SRR16873758,0,Malaysia
-4.69156917618891,2.19744509131606,-0.8090152018235,SRR16873759,0,Malaysia
-5.92870429930354,0.262179306153768,-0.643482220590402,SRR16873760,0,Malaysia
2.94905504430589,3.58951351996542,-1.58488085942213,SRR16873761,0,Malaysia
-2.856932297206,-0.502251441077637,-1.35969569599766,SRR16873762,0,Malaysia
2.92400691843573,0.614654500214176,-0.85703180559557,SRR16873763,0,Malaysia
-5.00496345548624,3.63404381704467,0.708221505759449,SRR16873764,0,Malaysia
-5.02042977982225,3.28760497764781,-0.562400071957435,SRR16873765,0,Malaysia
-5.32736436544411,1.65146043026186,0.152551459389887,SRR16873766,1,Malaysia
1.60790207541425,-0.714997774672711,-4.35046046887901,SRR16873767,0,Malaysia
-6.43457782139194,2.36984142246561,-2.2767378239036,SRR16873768,0,Malaysia
1.84944862232499,0.496652369602103,0.929793998757766,SRR16873769,0,Malaysia
4.20433773875909,1.79761454340043,-2.93605908890983,SRR16873770,0,Malaysia
3.77234354390398,2.00957071462441,-1.69737275568149,SRR16873771,0,Malaysia
0.788017017801787,-0.446273200571321,-0.917926391992836,SRR16873772,0,Malaysia
-5.18902324901658,-1.96325208061238,-1.22525280513935,SRR16873773,1,Malaysia
1.19779620376519,-4.33729211041666,-0.220884055676799,SRR16873774,1,Malaysia
2.03009929678299,-3.9094984966778,-1.00085434332605,SRR16873775,1,Malaysia
-6.89973905402175,-0.915724372396721,1.26548139452176,SRR16873776,1,Malaysia
2.66545163950638,-0.751896594145545,2.34293896105947,SRR16873777,1,Malaysia
1.56598119913219,-1.85003433120521,-0.68213541697116,SRR16873778,1,Malaysia
2.86472189162993,0.556094315217635,-1.49395756937075,SRR16873779,1,Malaysia
-0.404573818336857,1.83451940269396,0.959238867081142,ERR1513669,0,USA
0.944037393825054,-0.88079086094593,0.766063196836542,ERR1513670,0,USA
-1.76525854564466,3.04424851973319,0.706084601085319,ERR1513671,0,USA
-1.33433641683096,0.741350992186811,1.22507934279211,ERR1513672,0,USA
0.513747916212576,-1.64797431774191,1.4116179519166,ERR1513673,0,USA
-0.661746837058233,0.586644642367142,1.0878033437347,ERR1513674,0,USA
-1.05110509540343,0.863037307937845,1.53141776980227,ERR1513675,0,USA
-1.53459026444349,0.295519986130812,-2.88445219306882,ERR1513676,0,USA
0.110182097286922,2.82279132649702,-1.47758831577218,ERR1513677,0,USA
1.28943745675938,-0.596748238738332,0.295198373332229,ERR1513678,0,USA
1.45988562498474,2.41211914089548,-0.837717343369546,ERR1513679,0,USA
0.0157329859997406,3.15152123463601,-0.705482017272295,ERR1513680,0,USA
-1.01642764947279,-0.841086219031359,-0.794035144074804,ERR1513681,0,USA
1.07569167964182,-0.50927540207878,0.698798182553908,ERR1513682,1,USA
-0.515602288435699,2.53032944329287,-2.96288819853182,ERR1513683,1,USA
2.16001723319018,0.855793238019304,-0.0297488485981625,ERR1513684,1,USA
1.17692182732017,0.572443188161832,-0.0214616837566394,ERR1513685,1,USA
-2.5261989030831,-1.30776164203537,-2.79077068074376,ERR1513686,1,USA
-0.8704078833028,2.37697854418094,1.55966782984924,ERR1513687,1,USA
-1.93016351867723,-0.782405422260859,-0.441964374008162,ERR1513688,1,USA
1.54196721174641,0.203011681477186,0.0808900027241372,ERR1513689,1,USA
0.273451702088381,0.459606189947115,3.26398119426351,ERR1513690,1,USA
-1.41427492302542,-0.894237514785435,-1.19647904743205,ERR1513691,1,USA
-1.833485958771,-0.234207946978021,-1.21815820221966,ERR1513692,1,USA
-0.922010427234713,-1.03904998446193,-0.250618454554118,ERR1513693,1,USA
-1.79106561836579,-1.61238876791302,-2.24668981636533,ERR1513694,1,USA
0.161800230318927,-1.66390648739803,0.406752510576945,ERR1513695,1,USA
-1.65748760892181,-0.164781758440308,-0.846228912832121,ERR1513696,1,USA
0.845713035118201,-1.6504386294803,0.0578825673936709,ERR1513698,1,USA
1.10122235122349,-1.19254365630025,-0.528380235855673,ERR1513699,1,USA
0.239232600687335,0.913924268997644,-1.1542472772802,ERR1513700,1,USA
1.37654186417721,-1.98022920540356,-0.945665339351992,ERR1513701,1,USA
0.316388411313562,-0.502843434543872,-0.129432143934625,ERR1513702,1,USA
1.32294537581366,-1.43369102184109,-0.00872746723521049,ERR1513703,1,USA
-0.143638136181385,-2.31997258256493,-1.11620949625149,ERR1513704,1,USA
0.655836898902523,-1.03243502432225,-0.901144089633846,ERR1513705,1,USA
-4.84311567904845,1.5417984806494,-0.461891885718982,ERR1513706,1,USA
1.77648457034758,0.0491250264069935,-0.174927882327293,ERR1513707,1,USA
1.34283197441638,-0.816655093543955,-0.993542283062435,ERR1513708,1,USA
-4.00183589253422,1.53365597591916,-1.16840404874243,ERR1513709,1,USA
-0.571266441857851,-1.11597409029153,-1.63660762251035,ERR1513710,1,USA
-3.12474436512161,1.46227992550952,-1.6173601219994,ERR1513711,1,USA
1.21738191806465,0.615644644152656,1.74423592528584,ERR1513712,1,USA
-0.440517040160886,-0.235883466999985,-1.73918421024436,ERR1513713,1,USA
-0.996469310426675,-0.973166579362624,0.418289133335283,ERR1513714,1,USA
1.56040791825826,0.134896524585454,-0.520078169689305,ERR1513715,0,USA
-0.71586800148148,3.26423729238577,-0.893931949060631,ERR1513716,0,USA
-0.125524818351203,1.26086239548126,0.436526274957595,ERR1513717,0,USA
0.527916550178234,2.10344505109206,1.40833585072958,ERR1513718,0,USA
1.62731160581984,-1.42130513181549,-0.830523945774131,ERR1513719,0,USA
-1.77766194047363,0.0208732881232639,-2.538235234013,ERR1513721,0,USA
-0.0743475910122679,1.04530293918295,-0.225471043079842,ERR1513722,0,USA
0.0271920567530005,-2.07321392750066,1.12396000561519,ERR1513723,0,USA
-0.519476514669675,-3.19538209196769,-0.467941463426407,ERR1513724,0,USA
1.40855576005237,1.64623496842073,-0.671319422720613,ERR1513725,0,USA
-3.18445366969682,-0.550022842553184,-3.15674369626914,ERR1513726,0,USA
-0.451391070077345,0.365707840701195,-2.13151577173231,ERR1513727,0,USA
-2.36752821020549,-0.712888799779427,-1.27785900045735,ERR1513728,0,USA
0.286192008170644,-0.95911511746468,1.81415008991617,ERR1513729,0,USA
1.72610869890845,0.529029023536576,-0.991738571770279,ERR1513730,0,USA
2.58451932395611,1.88316481268666,0.519856919804858,ERR1513731,0,USA
0.282387752865758,-2.71741383282232,-0.547624309104469,ERR1513732,0,USA
-2.70140695435315,1.84930477728955,0.585835328764367,ERR1513733,0,USA
-1.93653046714224,0.716078319227249,1.80300918136588,ERR1513734,0,USA
-4.33286357038877,0.00561688651390009,1.66462833706003,ERR1513735,0,USA
-0.354286463552189,2.29658035840681,-2.75682548917564,ERR1513736,0,USA
0.413131650875512,1.16353225185983,4.02512806610144,ERR1513737,0,USA
0.23890252287091,-1.27673611679364,0.214518108490855,ERR1513738,0,USA
1.24653459538354,-2.36501756423993,-2.25699502333093,ERR1513739,0,USA
0.0838391481544695,1.57202064281671,-0.332319477712764,ERR1513740,0,USA
-1.7217767361053,1.71180740529794,0.623312533717775,ERR1513741,0,USA
2.50296513505117,0.779120856158529,0.480329596145163,ERR1513742,0,USA
0.96977999208116,0.566848070013715,0.798414049522377,ERR1513743,0,USA
-2.02549873912131,-0.342953862018736,-1.52526737431389,ERR1513744,0,USA
1.15734955413007,1.32937141471651,2.20272901671814,ERR1513745,0,USA
2.37415265464176,1.16628336351117,0.381021178998005,ERR1513746,0,USA
1.35714046825925,0.900210900262873,-0.893139713356327,ERR1513747,0,USA
2.24508766956676,1.75512855359738,-0.332611801025524,ERR1513748,0,USA
1.2027598486348,-1.27828418375406,-0.569608177658475,ERR1513749,0,USA
-0.447234403645208,2.99959309973437,-1.33862773898545,ERR1513750,0,USA
-1.08038917276882,1.15685643998787,1.95529454212621,ERR1513751,0,USA
-2.07064177232597,1.55673195527673,-0.895166523618295,ERR1513752,0,USA
0.705381126633398,-0.156345309666811,0.229495164031073,ERR1513753,0,USA
1.22195264800313,0.0360746143130421,-0.0460017087448104,ERR1513754,0,USA
2.30326348099103,0.651684819567519,-0.0446380370646194,ERR1513755,0,USA
-0.869442311476355,0.85429526965103,-0.273920550533,ERR1513756,0,USA
1.51375963832635,1.40324877295432,0.925933363752386,ERR1513757,0,USA
2.22625555268998,0.559216828575466,0.12646673355526,ERR1513758,0,USA
0.800698555829905,0.11577080758151,1.22208328243219,ERR1513759,0,USA
1.33292178724293,0.78162256873257,0.827253217801299,ERR1513760,0,USA
0.303942094502068,2.09109505618373,-2.17489570725553,ERR1513761,0,USA
-0.500478343963935,0.139100110300412,-0.255446483353352,ERR1513762,0,USA
1.21268246418451,0.627499455370802,1.62244729610118,ERR1513763,0,USA
1.14654100841584,-1.73381782907913,-0.614768486170677,ERR1513764,0,USA
0.203655671456287,-1.31901981584491,0.723835784884575,ERR1513765,0,USA
2.23889139084902,1.94682644165675,-0.401252500385244,ERR1513766,0,USA
0.481432401714324,0.281600218835165,-1.66235013470487,ERR1513767,0,USA
-3.25142209492136,1.94201866458726,1.64579403045537,ERR1513768,0,USA
1.80865845943824,1.28618336537527,1.71811565656934,ERR1513769,0,USA
-3.85298428310854,0.873562297138207,1.78394493933249,ERR1513770,0,USA
-0.468464747640618,-2.25124895700407,1.34949451546373,ERR1513771,0,USA
0.858269823768074,0.810205777290939,-0.403894806113141,ERR1513772,0,USA
-1.81717926139443,0.757247625117901,-2.11102135281553,ERR1513773,0,USA
2.58822563136117,1.37380468149837,-0.312556683697981,ERR1513774,0,USA
0.390888364860751,-0.878860604069229,2.45086908384805,ERR1513775,0,USA
0.933112093028561,1.62854514587142,0.668325437379486,ERR1513776,0,USA
-3.84316485256344,-2.02763003444297,0.928800611047733,ERR1513777,0,USA
-1.69388488580735,0.750310252429952,-2.20606857104499,ERR1513778,1,USA
0.331951870237881,-1.19119888245041,1.61736207858355,ERR1513779,1,USA
-2.21773835605977,1.19290196973186,-0.120720121303477,ERR1513780,1,USA
-0.866905175426145,-1.35959117846384,1.02938546102959,ERR1513781,1,USA
0.720757246792657,-1.59666272023412,0.227924100310887,ERR1513782,1,USA
1.1759326556034,-0.0406779456436576,-0.316713707234472,ERR1513783,1,USA
1.06416482858687,-0.428137352212509,0.563456076572627,ERR1513784,1,USA
-0.522078628041529,0.579696042577602,-0.570086762753589,ERR1513785,1,USA
1.18864690826344,-0.524476822341474,0.782427324704028,ERR1513786,1,USA
2.45406902837758,1.14374083587949,-0.966464918705473,ERR1513787,1,USA
1.56660264963313,0.495659812179212,0.982034441914481,ERR1513788,1,USA
-0.60645369736298,-1.65024356496308,-0.303753722428718,ERR1513789,1,USA
2.31782947426888,0.952701002118161,0.466343744710112,ERR1513790,1,USA
0.894731572424186,-0.00470667679342548,1.55436240895697,ERR1513793,1,USA
-0.18895636884373,-0.18362559016382,1.1056737795846,ERR1513794,1,USA
1.22010790631479,-0.75660990428906,-0.533672098773978,ERR1513795,1,USA
-0.754476755935281,-2.01955252470257,1.23016256687843,ERR1513796,1,USA
-2.40566984104294,0.585529795993705,2.39521727177136,ERR1513797,1,USA
2.07651259717347,-0.0888114800213331,-0.194869199657081,ERR1513798,1,USA
0.838390945887618,-1.22736626191422,0.826419973455126,ERR1513799,1,USA
-3.37751994414371,1.43413152282687,-1.71440320189891,ERR1513800,1,USA
0.370511724914067,0.100944211684341,-0.153023710485957,ERR1513801,1,USA
-2.58771351527697,1.06259481845862,0.0592054743451399,ERR1513802,1,USA
-0.289961497097491,-1.22881791723278,0.907955761433118,ERR1513803,1,USA
0.201880336211187,-3.28036364976789,-0.519639923358856,ERR1513804,1,USA
0.4145637582018,-2.75043590847916,0.0496804931955146,ERR1513805,1,USA
0.16313029945289,-1.57713699898692,0.859834755978078,ERR1513806,1,USA
-2.2860581925924,1.85242116295984,1.28137708932672,ERR1513807,1,USA
-0.737672076968143,-2.11161136342542,-1.63929795211065,ERR1513808,1,USA
-4.70199527292499,1.45643755463732,-0.637040726062891,ERR1513810,1,USA
0.992429260833882,-1.32549386644717,-0.19921039678639,ERR1513811,1,USA
-0.0398016456828253,1.38765716497296,-1.50685107403666,ERR1513812,1,USA
-1.68129242900174,-1.7180253614376,-2.41272456928462,ERR1513813,1,USA
1.42998635804812,1.07864730271392,1.72221359647846,ERR1513815,1,USA
-3.79804218729234,-1.12355443459062,-1.70629058557707,ERR1513816,1,USA
-2.67739541692778,0.263813043393264,1.74833704797765,ERR1513817,1,USA
2.94115203469145,0.525788121668294,-1.16172302712014,ERR1513818,1,USA
1.25397406552677,-0.844459690144637,0.652369932555241,ERR1513819,1,USA
0.552880435374521,-2.09501580930826,1.14202502262778,ERR1513820,1,USA
1.71498383877113,0.798206218708598,0.478927140669259,ERR1513821,1,USA
-0.797429260257462,-0.505081475349768,-0.363426477284398,ERR1513822,1,USA
0.578508375768781,-1.34866753292393,0.268776256362831,ERR1513823,1,USA
0.553594606836172,-2.82642478561748,-0.619142842557302,ERR1513824,1,USA
-3.24785408109034,-1.53587447841081,-0.277045683125457,ERR1513825,1,USA
-0.695453294566354,1.07360962408167,2.57702864853996,ERR1513826,1,USA
1.23515117811967,0.913481818004584,2.1725391016119,ERR1513827,1,USA
0.36763443289328,-0.373727012037516,-1.35446917625681,ERR1513828,1,USA
-2.92169759224707,2.8891350690335,-2.64148342214946,ERR1513829,1,USA
-0.990297108199623,-2.07860093550245,-0.34558407285878,ERR1513830,1,USA
1.50629909087502,0.972259860225332,-0.833474224053913,ERR1513831,1,USA
-1.42430946052817,-1.52598369091832,-0.928714476427338,ERR1513832,1,USA
2.19008414095733,-0.0162663213988516,-0.554955900767817,ERR1513833,1,USA
1.59439290933257,-0.706432182831553,-0.489669613706408,ERR1513834,1,USA
0.121340166719978,-1.71375545534351,0.76999366373536,ERR1513835,1,USA
-0.4664974873448,-0.309096084585706,0.0954233354736523,ERR1513836,1,USA
-0.250408008656529,-1.13241299728346,2.57829547892269,ERR1513837,1,USA
1.2427679981328,-2.21373238153025,-1.18372234157487,ERR1513838,1,USA
-0.492495067549612,-0.0610361448058928,-0.0840138517158559,ERR1513839,1,USA
1.76029510462989,0.901325361056939,-1.49065260119488,ERR1513840,1,USA
2.56801965913065,-0.121620906362038,-0.824153050078511,ERR1513841,1,USA
-1.59758530609423,2.43582353040849,-1.28265975371438,ERR1513842,1,USA
0.222527759314819,-0.687580926808145,0.837260067498952,ERR1513843,1,USA
-0.29520776596347,0.614936725273262,-1.49030156099652,ERR1513844,1,USA
-2.9977112819534,1.2360650877586,-1.18596091527413,ERR1513845,1,USA
1.20447038473486,-0.986270997703985,-0.909151850981103,ERR1513846,1,USA
-1.98283765811956,-0.371540920988584,1.97655907090139,ERR1513847,1,USA
0.765215273675403,-0.709798748355427,-0.550885101185173,ERR1513849,1,USA
-0.495550740925987,-1.76874797552772,0.0828909197602392,ERR1513850,1,USA
1.80007289316891,-0.851157554927762,-0.596579767647808,ERR1513851,1,USA
-1.39573910338698,3.53350561578965,-1.02044246749427,ERR1513853,1,USA
1.90394639233895,-0.4823520995633,-0.387189616375318,ERR1513854,1,USA
-1.18728083353057,-0.557977091883415,-2.10821340787349,ERR1513855,1,USA
-1.96384909065365,-2.28153768988331,-0.486317893937952,ERR1513856,1,USA
0.19700211194059,0.554251428571963,0.581261916856424,ERR1513857,1,USA
-0.505219546518072,-0.349246155049132,0.466464305980184,ERR1513858,1,USA
0.381921005829562,-1.6334415839617,-0.656110235702598,ERR1513859,1,USA
2.01348177924947,0.744810049000757,0.285850675939028,ERR1513860,1,USA
-0.921256797772585,-2.55604637822803,2.35425021772579,ERR1513861,1,USA
-1.77930992024633,0.199806744211751,2.22754979404301,ERR1513862,1,USA
1.90619656852242,-1.58610902039471,-0.976597223941617,ERR1513863,1,USA
1.30386347366595,-1.51411100190955,-1.51651344187553,ERR1513864,1,USA
0.868632230575977,0.849664940769935,-1.4137791220333,ERR1513865,1,USA
-3.15873299839592,-0.754785723815022,1.11066411652952,ERR1513866,1,USA
-0.0367261375578985,-1.97154717988939,1.02781857585585,ERR1513867,1,USA
1.37508900459311,-0.155935202956168,1.05755041104504,ERR1513868,1,USA
0.344181857197548,-2.31062624686713,-1.11072522599024,ERR1513869,1,USA
-1.16938305642911,-1.75827747801645,1.36618248132642,ERR1513870,1,USA
-0.414557821635113,0.576486916987496,0.305259674907659,ERR1513871,1,USA
0.435326757460888,-0.133564284870193,0.940311955866541,ERR1513872,1,USA
1.41966163033366,-1.1854799160729,-0.575841133706777,ERR1513873,1,USA
-0.107354384739216,-0.788040652976525,-2.03116533421618,ERR1513874,1,USA
-0.0158721257631599,-0.489190705746978,-0.336695803650682,ERR1513875,1,USA
0.932516670960675,-2.11762246162331,-0.0191645219700176,ERR1513876,1,USA
-3.18761709760583,0.640762013234205,-4.86299656536435,ERR1513877,1,USA
-0.694592255607381,-2.51135918873679,1.38131145867574,ERR1513878,1,USA
1.13187413266831,0.500829548268598,1.61323948217127,ERR1513879,1,USA
1.25234165569644,-0.890585764550735,0.668037705515115,ERR1513880,1,USA
1.05107963647706,-1.17134579444072,-0.737341795074352,ERR1513881,1,USA
2.52663383942519,1.2820973619048,0.281841944904812,ERR1513882,1,USA
-0.946330741917143,1.33413654899873,1.12954383666146,ERR1513883,1,USA
-2.44817982880514,-0.0287928599670587,1.05455918999481,ERR1513884,1,USA
1.27961423515104,0.543234237225929,-2.020295392241,ERR1513885,1,USA
-1.36280991848182,-1.65320431449584,-0.217775422748631,ERR1513886,1,USA
-0.646310828627783,1.45585979379025,-0.259959457173443,ERR1513887,1,USA
1.98649581324821,0.292920191610274,0.593717254670265,ERR1513888,1,USA
0.501875129063693,-0.657487097817102,-0.429042735232387,ERR1513889,1,USA
-0.537194983635345,-1.74612026958189,0.136590290436594,ERR1513890,1,USA
0.662604726748498,-1.23719420780574,0.822150388799742,ERR1513891,1,USA
0.211426784198925,-0.915784626578842,1.17183789919436,ERR1513892,1,USA
0.744373907845663,-0.531639754304961,1.24035931345488,ERR1513894,1,USA
3.79078780445083,1.64225327338805,-1.21526673922468,ERR1513895,1,USA
-3.35730292550341,0.104736027662952,-0.301417093893079,ERR1513896,1,USA
-1.23887946585215,-2.57210968426591,-0.2076105242513,ERR1513898,1,USA
2.1891756025681,-0.0744197477763427,-0.642138433266046,ERR1513899,1,USA
-2.52537907594216,1.49530905201404,3.29623085752179,ERR1513900,1,USA
-1.43856544711562,-1.49432934304056,-0.787286951640978,ERR1513901,1,USA
1.54875493695821,-1.89596793472619,-0.81339023244786,ERR1513902,1,USA
0.863209461385862,-0.238985342133782,0.526625587448397,ERR1513903,1,USA
1.73533639025758,-0.711510977886607,-0.505718631179772,ERR1513904,1,USA
1.67148983440348,1.91529748190232,-0.24348456961119,ERR1513905,1,USA
-2.09899781110478,-0.722966377584399,1.40091503597699,ERR1513906,1,USA
-0.508845859009893,1.32810822729083,-1.71047876407065,ERR1513907,1,USA
-1.74050981772943,-1.06828909492502,0.775188830263631,ERR1513908,1,USA
0.393481806837614,-0.127105392143873,2.13377818257411,ERR1513909,1,USA
1.71814136858622,1.48087604069696,2.06263760139688,ERR1513910,1,USA
0.780691680911151,-0.897295311154535,-0.399168123220576,ERR1513911,1,USA
1.53616907410419,-2.00392482764383,-1.36509256026938,ERR1513912,1,USA
0.129212436807104,-2.1499563629631,-0.568955625524288,ERR1513913,1,USA
2.74705110400735,1.03815802565052,-0.571842141773576,ERR1513914,1,USA
-4.2777401287847,1.61336410048335,0.966330522602789,ERR1513915,1,USA
-1.60254025107763,-0.402632387167045,1.36866848667161,ERR1513916,1,USA
1.03715238794701,-2.48562514033982,-0.813432989823463,ERR1513917,1,USA
0.954703628616369,-0.809889217831311,-0.300741252823089,ERR1513918,1,USA
1.26735136833376,2.03624862880141,3.09747327250927,ERR1513919,1,USA
2.12449230971625,0.464842282834026,-1.15736138363772,ERR1513920,1,USA
1.33446640060094,0.608856635907545,-0.136454124233066,ERR1513921,1,USA
-0.310236962439268,0.419728626935132,-1.17688372863891,ERR1513922,1,USA
1.1659956088053,0.0863202030833355,-0.0746020183204424,ERR1513923,1,USA
-0.334068977801447,-0.676017530215953,0.647988281702636,ERR1513924,1,USA
0.80818871489698,-1.01089045190721,-0.552475070902714,ERR1513925,1,USA
0.397465927321604,-0.184981835645873,0.705270834950425,ERR1513926,1,USA
-0.575518815235722,1.85687965191927,-0.163870435193016,ERR1513927,1,USA
0.357701385095696,-0.315893340094498,-0.454741120495141,ERR1513928,1,USA
0.229361350029677,-1.51259830423048,0.611343325870764,ERR1513929,1,USA
-0.480323921916209,-2.34249065804901,-0.467967521362997,ERR1513930,1,USA
-1.59684798071175,-0.812775552071701,-1.60028960773878,ERR1513931,1,USA
-0.14891944085722,0.117302768806474,3.14671844393535,ERR1513932,1,USA
-2.38195509288628,-3.08438999872988,-1.79018130340715,ERR1513933,1,USA
0.644081664482459,-0.941455135932335,1.13636646290158,ERR1513934,1,USA
-0.549720997925853,1.02883173937483,-0.729898902811129,ERR1513935,1,USA
-0.384277392728069,-0.77414810937781,-0.890728624287064,ERR1513936,1,USA
1.68148992355882,-1.87502195715764,-2.13167708966402,ERR1513937,1,USA
1.50989177020459,1.54119787168208,1.3122774704218,ERR1513938,1,USA
1.32371585120001,-1.6713606371645,-0.593770332746375,ERR1513939,1,USA
-1.3665249522234,-1.07942824530263,0.683743918669258,ERR1513940,1,USA
2.18102398876518,1.45201265838487,-0.322464870207418,ERR1513941,1,USA
-0.390924687802187,-0.301928302830486,1.55638799866774,ERR1513942,1,USA
1.01378134948285,-0.954967618481068,0.252894444689419,ERR1513943,1,USA
1.75565726228173,-0.874461489104497,-0.741148931805125,ERR1513944,1,USA
2.90074132515534,1.66316727606413,-0.16025779401466,ERR1513945,1,USA
-3.24200634794046,3.07883799009601,-0.0129494771526924,ERR1513946,1,USA
-1.43201431712536,0.146895094932167,3.45143592397484,ERR1513947,1,USA
-1.38713614310061,-0.701806590722728,2.00291647533652,ERR1513948,1,USA
1.4781888846763,-0.788717123199292,-0.412682291052055,ERR1513949,1,USA
0.249824325138397,-0.529358309249308,-1.89313652695592,ERR1513950,1,USA
2.81297751162764,1.40806698016644,-0.332355608264682,ERR1513951,1,USA
-0.515131386368999,3.68452916087513,-1.41789527820498,ERR1513952,1,USA
-1.24909339920196,-0.879621833564661,0.458790010853317,ERR1513953,1,USA
-1.18966436021103,-0.197372199662247,-2.14582889249726,ERR1513954,1,USA
-2.50290964676992,2.54004299623929,1.53786252708671,ERR1513955,1,USA
1.9157403293886,1.75908301717883,-1.00905609272372,ERR1513956,1,USA
-0.861154516396839,-0.470575297303302,3.39389804607105,ERR1513957,1,USA
0.0803951358508601,-0.266040302969435,-0.219029499611615,ERR1513958,0,USA
-2.26140685873621,1.85398325260951,0.414638009257965,ERR1513959,0,USA
1.1815216887594,-1.98990911382402,0.19080281291621,ERR1513960,0,USA
0.545268264424665,0.119632279580613,-0.798504634444486,ERR1513961,0,USA
-0.796628149025096,3.30899611026391,0.0608802195062175,ERR1513962,0,USA
-0.0606793560266553,0.624562600522908,-1.10894189336997,ERR1513963,0,USA
-1.56501516419595,0.208276306334373,1.14520133217818,ERR1513964,0,USA
-2.13606751718243,-1.94410957643155,4.27574806024747,ERR1513965,0,USA
-0.303800621777148,0.262108867970591,-0.28758636936302,ERR1513966,0,USA
1.84645075591469,0.332289666065691,0.769194781080205,ERR1513967,0,USA
2.10323880297359,0.160883138537302,-0.674138784777237,ERR1513968,0,USA
0.0811075906602494,-1.83770745975699,1.17771455839068,ERR1513969,0,USA
2.1155854621566,1.77676848703912,1.07358248721642,ERR1513970,0,USA
-1.46870715268904,0.0266929237146519,1.88766809995157,ERR1513971,0,USA
1.24442567699009,1.67749806921624,1.42781883782529,ERR1513972,0,USA
-0.140743714760164,0.213261551705499,-0.433340480287216,ERR1513973,0,USA
0.898721382012638,1.44148139367004,-1.61166821567304,ERR1513974,0,USA
2.51652395900574,0.651870959513194,-0.175243946877708,ERR1513975,0,USA
1.93893377587316,0.082748500352645,-0.272523148565568,ERR1513976,0,USA
-0.334894373077608,-3.67685779304846,0.638331787605409,ERR1513977,0,USA
3.15904373147342,1.33414978418428,-0.603883798283219,ERR1513978,0,USA
0.352531459819171,2.98261056467078,-1.47114628536731,ERR1513979,0,USA
1.76133243583392,-0.25040426510278,0.365026040332506,ERR1513980,0,USA
1.14134793362399,0.0441368325985204,-0.353218752418506,ERR1513981,0,USA
-4.04649447517763,1.23061368609098,0.428233862511371,ERR1513982,0,USA
-0.667215057387904,-1.42927416473157,-0.496301883952703,ERR1513983,0,USA
0.117340834036927,-0.610100642642969,-0.0923452637172539,ERR1513984,0,USA
1.66857882083953,1.07644027427432,2.02462366827067,ERR1513985,0,USA
-3.59798015750713,1.85310745211747,-0.866632903284417,ERR1513986,0,USA
0.134279465458089,-0.287957817790044,0.115941355683376,ERR1513987,0,USA
-2.17318827206594,2.53359564214245,1.5268325976666,ERR1513988,0,USA
-1.04327208444427,0.628234446005358,3.65402447627057,ERR1513989,0,USA
1.81245535982761,0.254577296657503,0.338651169436425,ERR1513990,0,USA
-1.29442075257699,4.04044066064026,-1.13092864196193,ERR1513991,0,USA
1.5146135222073,0.154316383677058,-0.153046215521994,ERR1513992,0,USA
-2.90367470375684,0.377174625303712,1.88360970784446,ERR1513993,0,USA
-1.18256801563651,-3.28049607125777,1.06194347795559,ERR1513994,0,USA
1.96428547316311,1.59220090040679,0.855493955395239,ERR1513995,0,USA
-1.35843354861506,-1.31204087349364,-1.41726984549238,ERR1513996,0,USA
1.46029345121205,0.0358855464510426,0.196198023390025,ERR1513997,0,USA
-2.47438566212017,-0.124558526094386,-0.223111835560536,ERR1513998,0,USA
-2.67016853202956,0.0198547055928266,2.28313442770613,ERR1513999,0,USA
0.707585481642602,-0.69685805519955,-0.653169053775462,ERR1514000,0,USA
1.72404997271231,0.344659923812435,-0.154961226687377,ERR1514001,0,USA
0.795761661551655,3.32488139479242,-1.65211013980175,ERR1514002,0,USA
1.21313030050008,2.16338028126673,0.972365044802057,ERR1514003,0,USA
-2.35745141547278,0.205736839167302,-0.602174395724961,ERR1514004,0,USA
-2.60992952538518,-2.31811036427297,-1.66686237241637,ERR1514005,0,USA
-2.25910594834015,-1.28140092495253,-0.039263912257248,ERR1514006,0,USA
0.91399543307985,-0.0979311216744557,1.88535583204841,ERR1514007,0,USA
1.84441497910049,-0.463454076098808,-0.637828599563663,ERR1514008,0,USA
1.34555282494577,0.712554170451073,-0.754437322319628,ERR1514009,0,USA
-2.85218041763366,-0.366662996096466,-2.80341808566239,ERR1514010,0,USA
1.77624288610145,-0.419473382489303,0.0764104677313021,ERR1514011,0,USA
2.8524519835597,1.20577947972543,-0.43974111650668,ERR1514012,0,USA
-0.0482832108346732,0.718044652879757,-0.537266574958823,ERR1514013,0,USA
1.75048803357297,2.16838756089992,-0.31884682497603,ERR1514014,0,USA
2.85612500432447,1.6523772893247,-0.353182485832976,ERR1514015,0,USA
