SampleID,Actinobacteria,Actinomycetales,Bacillales,Bacilli,Bacteroidales,Bacteroides,Bacteroidetes,Burkholderiales,Clostridia,Clostridiales,Clostridium_XVIII,Clostridium_XlVa,Coriobacteriaceae,Erysipelotrichaceae,Firmicutes,Fusobacteriaceae,Fusobacterium,Gammaproteobacteria,Lachnospiraceae,Lactobacillales,Pasteurellaceae,Peptoniphilus,Proteobacteria,Unclassified,Veillonellaceae
ERR1513669,0,0,0,0,18,1,2,0,0,1,1,0,0,1,0,0,10,0,0,0,0,0,0,25,7
ERR1513670,0,0,0,0,0,3,2,0,0,3,0,0,0,1,2,0,2,0,1,0,0,0,0,13,9
ERR1513671,0,0,0,0,78,2,1,0,0,7,1,0,0,1,0,0,2,0,1,0,0,0,0,2,0
ERR1513672,0,0,0,0,15,2,7,0,0,11,0,0,0,1,88,0,2,0,2,0,0,0,0,14,1
ERR1513673,0,0,0,0,6,1,6,0,0,2,1,0,0,15,0,0,0,0,0,0,0,0,0,25,0
ERR1513674,0,0,0,0,18,0,1,0,0,0,0,0,0,0,0,1,1,0,0,0,0,0,0,29,0
ERR1513675,0,0,0,0,1,0,0,0,0,51,0,0,0,0,0,0,1,0,1,0,0,7,0,6,0
ERR1513676,0,0,0,0,0,0,1,0,0,15,0,0,1,52,1,0,1,0,1,0,0,13,0,14,0
ERR1513677,0,0,0,0,0,0,0,0,0,4,1,0,0,0,0,0,0,0,0,0,0,0,0,3,0
ERR1513678,0,0,0,0,0,0,0,0,0,16,1,0,4,1,1,0,2,0,0,0,0,0,0,55,0
ERR1513679,0,0,0,0,0,1,1,0,0,19,0,0,0,0,1,0,2,0,0,0,0,1,0,1,1
ERR1513680,0,0,0,0,0,4,8,0,0,8,0,0,0,0,3,1,9,0,0,0,0,0,0,5,1
ERR1513681,0,0,0,0,1,0,10,0,0,18,4,0,0,2,1,0,9,0,1,0,0,1,0,11,2
ERR1513682,0,0,0,0,0,1,4,0,0,0,0,0,0,14,0,0,0,0,0,0,0,0,0,0,5
ERR1513683,0,0,1,0,0,1,0,0,0,1,0,0,0,4,6,0,0,0,0,0,0,0,0,2,0
ERR1513684,0,0,0,0,0,1,0,0,0,13,0,0,0,1,1,0,0,0,0,0,0,0,0,1,0
ERR1513685,0,0,0,0,1,0,7,0,0,3,0,0,0,0,0,0,0,0,0,0,0,1,0,2,0
ERR1513686,0,0,0,0,0,2,0,0,0,34,1,0,0,106,7,0,0,0,2,0,0,9,0,4,3
ERR1513687,0,0,0,0,1,1,0,0,0,3,0,0,1,1,0,0,0,0,0,0,0,0,0,39,0
ERR1513688,0,0,0,0,0,0,0,0,0,67,1,0,0,44,7,0,0,0,4,0,0,11,0,82,0
ERR1513689,0,0,0,0,0,0,6,0,0,1,0,0,0,3,0,0,0,0,0,0,0,0,0,19,0
ERR1513690,0,0,0,0,48,1,0,0,0,6,0,0,0,0,0,0,0,0,0,0,0,0,0,102,0
ERR1513691,0,0,0,0,0,11,0,0,0,5,5,0,0,22,4,0,0,0,2,0,0,8,0,4,1
ERR1513692,0,0,0,0,1,3,0,0,0,41,0,0,2,12,24,0,1,0,1,0,0,4,0,66,3
ERR1513693,0,0,0,0,0,0,0,0,0,46,0,0,0,17,5,0,0,0,0,0,0,2,0,473,2
ERR1513694,0,0,0,0,0,2,0,0,0,9,5,0,0,0,1,0,3,0,1,0,0,27,0,2,14
ERR1513695,0,0,0,0,3,3,0,0,1,5,4,0,0,15,2,0,0,0,2,2,0,1,0,2,3
ERR1513696,0,0,0,0,0,10,0,0,0,56,1,0,5,26,5,0,14,0,0,0,1,9,0,24,3
ERR1513698,0,0,0,0,0,11,0,0,0,14,4,0,0,22,2,0,0,0,1,0,0,0,0,4,2
ERR1513699,0,0,0,0,0,2,0,0,0,12,0,0,0,28,1,0,1,0,0,0,0,0,0,6,0
ERR1513700,0,0,0,0,0,0,0,0,0,2,0,1,1,4,2,0,0,0,0,0,0,7,0,2,0
ERR1513701,0,0,0,0,0,2,0,0,0,7,4,0,0,30,2,0,0,0,1,0,0,0,0,0,0
ERR1513702,0,0,0,0,0,0,3,0,0,23,12,0,2,3,6,0,0,0,1,0,0,1,0,9,0
ERR1513703,0,0,2,1,0,3,0,0,0,3,16,0,0,3,1,0,0,0,0,0,0,0,0,11,3
ERR1513704,0,0,0,0,0,6,0,0,0,39,1,0,0,4,0,0,0,0,0,0,0,0,0,53,1
ERR1513705,0,0,0,0,0,0,0,0,0,0,0,0,0,2,0,0,0,0,0,0,0,2,0,4,0
ERR1513706,0,0,0,0,0,18,0,0,0,3,0,1,1,49,25,0,0,0,1,0,0,281,0,25,0
ERR1513707,0,0,0,0,0,2,0,0,0,0,0,1,0,5,0,0,0,0,0,0,0,0,0,0,1
ERR1513708,0,0,0,0,0,0,0,0,0,4,0,0,0,9,0,0,0,0,0,0,0,1,0,4,2
ERR1513709,0,0,0,0,8,3,1,0,0,0,0,0,3,28,33,0,0,0,2,0,0,249,0,34,9
ERR1513710,0,0,0,0,0,1,0,0,0,10,2,0,0,21,3,0,0,0,3,0,0,5,0,21,0
ERR1513711,0,0,0,0,0,4,0,0,0,10,1,0,0,13,21,0,0,0,0,0,0,105,0,99,2
ERR1513712,0,0,0,0,10,1,1,0,0,9,0,0,0,1,1,0,0,0,1,0,0,0,0,3,1
ERR1513713,0,0,0,0,0,7,0,0,0,6,1,0,0,22,2,0,0,0,0,0,0,11,0,7,0
ERR1513714,0,0,0,0,0,5,1,0,0,129,1,0,1,10,5,0,0,0,5,0,0,0,0,137,2
ERR1513715,0,0,0,0,0,0,2,0,0,2,0,0,1,0,0,0,1,0,2,0,0,0,0,10,0
ERR1513716,0,0,0,0,1,0,14,0,0,6,0,0,1,0,0,0,1,0,0,0,0,51,0,40,0
ERR1513717,0,0,0,0,2,2,6,0,0,11,0,0,0,2,3,0,3,0,2,0,0,3,0,28,0
ERR1513718,0,0,0,0,7,0,2,0,0,12,0,0,0,0,7,0,0,0,1,0,0,1,0,22,2
ERR1513719,0,0,0,0,0,0,0,0,0,7,0,0,0,2,0,0,0,0,0,0,0,0,0,19,0
ERR1513721,0,0,0,0,1,0,0,0,0,1,1,0,0,74,0,0,0,0,0,0,0,0,0,2,7
ERR1513722,0,0,0,0,1,1,3,0,0,7,0,0,0,0,0,0,1,0,0,0,0,5,0,13,0
ERR1513723,0,0,0,0,4,2,14,0,0,1,8,0,0,32,0,0,5,0,1,0,0,0,0,7,0
ERR1513724,0,0,0,0,4,0,0,0,0,14,0,0,0,265,1,0,0,0,0,0,0,0,0,15,1
ERR1513725,0,0,0,0,1,4,1,0,0,2,0,0,0,0,1,0,0,0,1,0,0,1,0,1,1
ERR1513726,0,0,0,0,1,0,2,0,0,7,0,0,0,212,0,0,2,0,0,0,0,0,0,51,0
ERR1513727,0,0,0,0,0,2,0,0,0,14,0,0,0,1,0,0,4,0,2,0,0,0,0,2,0
ERR1513728,0,0,0,0,2,2,1,0,0,44,1,0,0,102,6,0,0,0,1,0,0,0,0,13,1
ERR1513729,0,0,0,0,0,0,0,0,0,6,16,0,0,20,3,0,6,0,1,0,0,0,0,16,2
ERR1513730,0,0,0,0,0,2,2,0,0,1,0,0,0,3,1,0,1,0,0,0,0,0,0,9,0
ERR1513731,0,0,0,0,2,0,1,0,0,0,0,0,0,0,0,0,0,0,0,0,0,0,0,1,0
ERR1513732,0,0,0,0,0,0,2,0,0,9,1,0,0,0,0,0,1,0,0,0,0,0,0,54,0
ERR1513733,0,0,0,0,101,3,2,0,0,35,0,0,1,3,0,36,2,0,1,0,0,0,0,23,1
ERR1513734,0,0,0,0,2,2,0,0,0,13,0,0,1,2,0,0,1,0,1,0,0,1,0,13,2
ERR1513735,0,0,0,0,5,10,9,0,0,149,6,0,0,0,23,0,0,0,3,0,0,43,0,104,0
ERR1513736,0,0,0,0,0,0,1,0,0,2,0,0,0,1,0,0,4,0,0,0,0,61,0,7,1
ERR1513737,0,0,0,0,4,0,0,0,0,2,59,0,0,0,7,0,7,0,0,0,0,0,0,72,0
ERR1513738,0,0,0,0,3,0,2,0,0,2,0,0,0,0,0,0,17,0,1,0,0,0,0,14,1
ERR1513739,0,0,0,0,0,0,0,0,0,1,0,0,1,0,0,0,0,0,1,0,0,1,0,0,1
ERR1513740,0,0,0,0,2,0,1,0,1,3,0,0,0,2,1,0,9,0,1,0,0,0,0,38,0
ERR1513741,0,0,0,0,25,3,1,0,0,56,0,0,0,0,0,36,10,0,0,0,0,0,0,8,0
ERR1513742,0,0,0,0,0,0,0,0,0,8,0,0,0,0,0,0,0,0,1,0,0,0,0,16,0
ERR1513743,0,0,0,0,0,2,1,0,0,1,0,0,3,2,8,0,1,0,0,0,0,0,0,30,0
ERR1513744,0,0,0,0,0,1,1,0,0,9,2,0,0,1,1,1,2,0,0,0,0,35,0,18,0
ERR1513745,0,0,0,0,4,0,1,0,0,1,4,0,0,0,1,0,1,0,0,0,0,0,0,12,0
ERR1513746,0,0,0,0,1,0,1,0,0,2,1,0,0,0,0,0,0,0,1,0,0,0,0,9,0
ERR1513747,0,0,0,0,0,1,1,0,0,17,0,0,0,3,2,0,1,0,1,0,0,0,0,5,0
ERR1513748,0,0,0,0,1,2,1,0,0,1,0,4,0,0,0,0,2,1,0,0,0,1,0,3,0
ERR1513749,0,0,0,0,0,0,0,0,0,27,0,0,0,0,0,0,0,0,1,0,0,0,0,22,0
ERR1513750,0,0,0,0,0,2,0,0,0,4,0,0,0,0,8,0,1,0,1,0,0,40,0,0,0
ERR1513751,0,0,0,0,12,1,41,0,0,5,3,0,0,1,21,0,87,0,0,0,0,0,0,36,1
ERR1513752,0,0,0,0,2,0,2,0,0,25,0,0,0,0,1,4,144,0,2,0,0,48,0,41,1
ERR1513753,0,0,0,0,0,7,0,0,0,1,0,0,0,6,2,0,2,0,2,1,0,0,0,412,0
ERR1513754,0,0,0,0,0,7,0,0,0,1,1,0,0,0,0,0,2,0,2,0,0,1,0,9,0
ERR1513755,0,0,0,0,0,0,0,0,0,3,3,0,0,0,1,0,0,0,0,0,0,0,0,3,0
ERR1513756,0,0,0,0,3,2,1,0,0,6,0,0,0,1,1,0,2,0,1,0,0,1,0,7,0
ERR1513757,0,0,0,0,0,1,0,0,0,37,1,0,0,0,6,0,14,0,1,0,0,0,0,12,0
ERR1513758,0,0,0,0,0,1,1,0,0,6,1,0,0,0,0,0,1,0,0,0,0,0,0,5,0
ERR1513759,0,0,0,0,1,14,2,0,0,12,1,0,3,2,2,14,3,0,0,0,0,0,0,22,0
ERR1513760,0,0,0,0,1,2,0,0,0,7,0,0,0,0,3,0,1,0,0,0,0,0,0,11,0
ERR1513761,0,0,0,0,0,1,0,0,0,3,0,0,1,0,3,0,0,0,1,0,0,17,0,9,1
ERR1513762,0,0,0,0,1,1,2,0,0,15,0,0,0,0,2,2,6,0,1,0,0,4,0,19,0
ERR1513763,0,0,0,0,5,0,2,0,0,10,2,0,0,0,0,0,0,0,2,0,0,0,0,12,1
ERR1513764,0,0,0,0,0,0,0,0,0,3,0,0,0,0,0,0,0,0,0,0,0,0,0,46,0
ERR1513765,0,0,0,0,4,0,5,0,0,4,1,0,0,0,1,0,1,0,1,0,0,0,0,25,0
ERR1513766,1,0,0,0,0,0,1,0,0,15,0,0,0,0,1,0,1,0,0,0,0,0,0,1,0
ERR1513767,0,0,0,0,0,0,8,0,0,3,0,0,0,0,0,0,0,0,0,0,0,6,1,4,0
ERR1513768,0,0,0,0,43,16,130,0,0,24,1,0,0,2,0,0,2,0,4,0,0,57,0,18,1
ERR1513769,0,0,0,0,2,0,0,0,0,1,10,0,0,0,11,0,0,0,0,0,0,0,0,6,5
ERR1513770,0,0,0,0,69,13,43,0,0,49,43,0,0,2,3,0,6,0,9,0,0,37,0,116,3
ERR1513771,0,0,0,0,7,2,28,0,1,6,4,0,2,0,6,0,4,0,2,0,0,0,0,22,5
ERR1513772,0,0,0,0,0,0,0,0,0,23,0,0,0,0,1,0,1,0,0,0,0,0,0,11,0
ERR1513773,0,0,0,0,1,2,3,0,0,9,2,0,5,2,0,12,2,0,2,0,0,75,0,47,1
ERR1513774,0,0,0,0,0,0,0,0,0,2,0,0,0,0,0,0,0,0,0,0,0,0,0,9,0
ERR1513775,0,0,0,0,3,1,26,0,0,2,29,0,0,2,0,0,1,0,0,0,0,0,0,9,3
ERR1513776,0,0,0,0,0,4,0,0,0,6,1,0,0,0,1,0,0,0,0,0,0,0,0,26,0
ERR1513777,0,0,2,0,36,21,4,0,0,64,1,1,2,299,28,0,9,0,0,0,0,1,0,61,10
ERR1513778,0,0,0,0,0,0,0,0,0,2,0,0,0,8,8,0,8,0,0,0,0,39,0,4,16
ERR1513779,0,0,0,0,0,0,0,0,0,10,0,0,0,46,1,0,0,0,0,0,0,0,0,7,0
ERR1513780,0,0,0,0,0,1,0,0,0,124,0,0,0,9,12,0,0,0,0,0,0,44,0,18,0
ERR1513781,0,0,0,0,4,4,68,0,0,6,0,0,0,69,2,0,0,0,2,0,0,1,0,3,0
ERR1513782,0,0,0,0,1,2,0,0,0,15,0,0,0,3,0,0,0,0,3,0,0,0,0,5,1
ERR1513783,0,0,0,0,1,1,0,0,0,3,1,0,0,9,2,0,0,0,0,0,0,1,0,0,0
ERR1513784,0,0,0,0,1,0,0,0,0,16,4,0,1,8,2,0,0,0,0,0,0,0,0,10,0
ERR1513785,0,0,0,0,0,0,7,0,0,26,0,0,0,7,2,0,0,0,1,0,0,1,0,5,0
ERR1513786,0,0,0,0,0,2,0,0,0,14,0,0,3,9,0,0,0,0,1,0,0,0,0,2,0
ERR1513787,0,0,0,0,0,1,0,0,0,2,0,0,0,1,0,0,0,0,0,0,0,1,1,2,0
ERR1513788,0,0,0,0,0,2,2,0,0,23,2,2,0,1,0,28,223,0,3,0,0,0,0,2,0
ERR1513789,0,0,0,0,1,3,70,0,0,8,0,0,0,3,0,0,0,0,1,0,0,2,0,5,0
ERR1513790,0,0,0,0,0,2,0,1,0,22,0,0,2,0,0,0,0,0,0,0,0,0,0,60,0
ERR1513793,0,0,0,0,13,0,1,0,0,10,0,0,1,5,2,0,0,0,0,0,0,0,0,5,0
ERR1513794,0,0,0,0,0,8,0,0,0,41,0,0,0,13,0,0,0,0,0,0,0,1,0,18,0
ERR1513795,0,0,0,0,0,1,0,0,0,5,2,0,0,4,1,0,0,0,1,0,0,0,0,4,0
ERR1513796,0,0,0,0,4,1,108,0,0,20,0,0,0,5,1,0,0,0,0,1,0,0,0,6,2
ERR1513797,0,0,0,0,0,1,0,0,0,11,2,0,0,20,12,0,0,0,0,1,0,10,0,27,0
ERR1513798,0,0,0,0,0,4,0,0,0,12,0,0,0,2,2,47,1,0,2,0,0,0,0,6,0
ERR1513799,0,0,0,0,0,3,1,2,1,94,5,0,0,9,0,0,0,0,0,0,0,0,0,6,0
ERR1513800,0,0,0,0,0,6,0,0,1,19,0,1,0,12,22,0,0,0,2,0,0,190,0,23,0
ERR1513801,0,0,0,0,0,1,0,0,0,6,0,0,4,4,0,0,0,0,3,0,0,0,0,6,0
ERR1513802,0,0,0,0,0,1,0,0,0,12,0,1,0,28,5,0,37,0,1,0,0,3,0,4,0
ERR1513803,0,0,0,0,0,2,0,0,0,38,3,1,0,28,4,0,2,0,2,0,0,1,0,22,0
ERR1513804,0,0,0,0,0,3,0,0,0,10,4,0,0,101,0,0,0,0,2,0,0,0,0,1,1
ERR1513805,0,0,0,0,0,2,0,0,0,37,25,0,0,73,1,0,0,0,1,0,0,0,0,1,0
ERR1513806,0,0,0,0,0,13,0,0,0,11,3,0,0,37,2,0,0,0,3,0,0,0,0,31,0
ERR1513807,0,0,0,0,48,3,3,0,0,96,0,0,1,3,2,0,0,0,0,0,0,34,0,11,0
ERR1513808,0,0,0,0,0,5,0,0,0,15,3,0,0,106,5,0,1,0,3,0,0,4,0,11,1
ERR1513810,0,1,0,0,5,2,1,0,0,148,1,0,3,13,41,0,1,0,1,0,0,609,0,44,0
ERR1513811,0,0,0,0,1,7,0,0,0,10,0,0,0,8,1,0,0,0,0,0,0,0,0,1,1
ERR1513812,0,0,0,0,0,0,0,0,0,4,0,0,1,0,2,0,1,0,6,0,0,0,0,0,3
ERR1513813,0,0,0,0,0,2,0,0,0,10,0,0,1,100,3,0,0,0,1,0,0,5,0,7,1
ERR1513815,0,0,0,0,8,0,1,0,0,4,0,0,4,0,0,0,0,0,0,0,0,0,0,26,0
ERR1513816,0,0,0,0,0,11,1,0,0,64,2,0,1,88,31,0,0,0,5,0,0,156,0,20,9
ERR1513817,0,0,0,0,33,1,33,0,0,96,0,0,1,8,14,0,0,0,1,0,0,15,0,2,3
ERR1513818,0,0,0,0,0,1,0,0,0,0,0,0,0,2,1,0,0,0,1,0,0,0,0,3,0
ERR1513819,0,0,0,0,0,1,0,0,0,20,7,0,7,3,3,0,0,0,0,0,0,0,0,14,0
ERR1513820,0,0,0,0,0,11,0,0,0,10,11,2,0,38,2,0,0,0,3,1,0,0,0,7,0
ERR1513821,0,0,0,0,0,2,0,0,0,0,3,0,0,1,0,0,22,0,0,0,0,0,0,0,0
ERR1513822,0,0,0,0,0,5,1,0,0,20,6,0,0,9,0,0,0,0,1,0,0,8,0,4,0
ERR1513823,0,0,0,0,0,1,0,0,0,17,0,0,0,12,2,0,0,0,1,0,0,0,0,136,0
ERR1513824,0,0,0,0,0,3,0,0,0,10,0,0,0,0,0,0,0,0,5,0,0,0,0,0,0
ERR1513825,0,0,0,0,12,0,1,0,1,76,10,0,0,151,8,0,0,0,1,0,0,42,0,2,0
ERR1513826,0,0,0,0,98,5,0,0,0,6,2,0,1,1,3,0,0,0,1,0,0,4,0,2,0
ERR1513827,0,0,0,0,21,0,0,0,0,4,1,0,0,1,1,0,0,0,0,0,0,0,0,0,0
ERR1513828,0,0,0,0,0,3,0,0,0,27,1,0,1,5,4,0,0,0,2,0,0,2,0,2,9
ERR1513829,0,0,0,0,0,3,1,0,0,19,3,0,0,1,2,0,0,0,1,0,0,1,0,26,0
ERR1513830,0,0,0,0,0,3,0,0,0,7,0,0,0,230,4,0,0,0,3,0,0,1,0,4,0
ERR1513831,0,0,0,0,0,1,0,0,0,3,0,0,0,2,0,0,0,0,0,0,0,1,0,3,0
ERR1513832,0,0,0,0,2,5,0,0,0,6,0,0,0,70,3,0,0,0,6,0,0,11,0,14,0
ERR1513833,0,0,0,0,0,4,0,0,0,0,0,0,0,1,0,0,0,0,0,0,0,0,0,0,2
ERR1513834,0,0,0,0,0,1,0,0,0,9,0,1,0,15,0,0,0,0,1,0,0,0,0,1,0
ERR1513835,0,0,0,0,0,3,1,0,0,20,0,0,0,31,0,0,0,0,2,0,0,0,0,38,0
ERR1513836,0,0,0,0,0,6,0,0,0,20,26,1,0,9,23,0,0,0,5,0,0,4,0,34,1
ERR1513837,0,0,0,0,23,1,47,0,0,3,0,0,0,1,0,37,30,0,0,0,0,0,0,1,0
ERR1513838,0,0,0,0,0,5,0,0,0,8,1,0,6,5,2,0,0,0,1,0,0,0,0,9,0
ERR1513839,0,0,0,0,0,6,0,0,0,8,3,0,0,5,1,0,1,0,2,0,0,4,0,3,1
ERR1513840,0,0,0,0,0,3,0,0,1,1,3,0,0,0,1,0,0,0,1,0,0,3,0,0,0
ERR1513841,0,0,0,0,0,0,0,0,0,1,2,0,0,3,0,0,0,1,2,0,0,0,0,9,0
ERR1513842,0,0,0,0,0,1,0,0,0,54,0,0,0,3,3,34,0,0,0,0,0,5,0,4,8
ERR1513843,0,0,0,0,0,4,0,0,1,39,6,0,0,14,0,0,0,1,1,0,0,0,0,20,0
ERR1513844,0,0,0,0,0,1,0,0,0,2,1,0,0,7,9,0,0,0,1,0,0,2,0,0,0
ERR1513845,0,0,0,0,2,1,127,0,0,18,0,0,0,16,1,0,0,0,1,0,0,0,0,2,0
ERR1513846,0,0,0,0,0,1,0,0,0,10,14,0,0,6,1,0,0,0,1,0,0,1,0,2,0
ERR1513847,0,0,0,0,0,13,5,0,0,13,2,0,0,34,0,0,3,0,6,0,0,4,0,13,0
ERR1513849,0,0,0,0,0,0,0,0,0,22,2,0,0,7,0,0,0,0,1,0,0,0,0,5,0
ERR1513850,0,0,0,0,1,1,2,0,0,42,1,0,3,10,4,0,0,1,0,0,0,0,0,32,0
ERR1513851,0,0,0,0,0,1,0,0,0,9,0,0,1,6,0,0,0,1,0,0,0,0,0,1,0
ERR1513853,0,0,0,0,1,3,0,0,0,17,0,0,0,0,3,7,0,0,2,0,0,1,0,3,0
ERR1513854,0,0,0,0,1,1,0,0,0,3,1,0,0,4,2,0,0,0,0,0,0,0,0,0,0
ERR1513855,0,0,0,0,0,2,3,0,0,15,0,0,0,23,0,0,1,0,2,0,0,6,0,9,2
ERR1513856,0,0,0,0,0,3,0,0,0,106,22,0,0,89,11,0,0,0,9,0,0,9,0,28,0
ERR1513857,0,0,0,0,6,4,0,0,0,0,0,0,0,4,0,0,0,0,0,0,0,0,0,2,0
ERR1513858,0,0,0,0,0,6,0,0,0,8,3,0,0,17,0,0,3,0,0,0,0,1,0,3,0
ERR1513859,0,0,0,0,0,0,0,0,0,12,2,0,0,27,28,0,0,0,2,0,0,0,0,64,0
ERR1513860,0,0,0,0,0,4,0,0,0,2,5,0,0,0,0,0,0,0,1,0,0,0,0,38,0
ERR1513861,0,0,0,0,45,5,1,0,0,23,1,0,0,62,2,0,0,0,7,0,0,0,0,14,0
ERR1513862,0,0,0,0,0,1,0,0,0,2,0,0,0,5,1,0,0,0,1,0,0,0,2,425,0
ERR1513863,0,0,0,0,0,4,0,0,0,0,5,0,0,11,0,0,0,0,1,0,0,0,0,0,0
ERR1513864,0,0,0,0,0,0,0,0,0,0,1,0,0,40,0,0,0,0,2,0,0,0,0,4,0
ERR1513865,0,0,0,0,0,8,0,0,0,0,10,0,0,4,2,0,0,0,0,0,0,5,0,3,0
ERR1513866,0,0,0,0,40,1,21,0,0,3,5,0,0,23,2,0,0,0,3,0,0,0,0,640,0
ERR1513867,0,0,0,0,0,3,0,0,0,108,1,0,3,13,1,0,0,0,5,0,0,0,0,15,1
ERR1513868,0,0,0,0,0,0,0,0,0,5,0,0,0,14,0,0,0,0,0,0,0,0,0,3,0
ERR1513869,0,0,0,0,0,6,0,0,1,14,36,1,0,52,4,0,0,0,1,0,0,2,0,72,0
ERR1513870,0,0,0,0,32,1,0,0,0,36,1,0,0,30,1,0,0,0,7,0,0,2,0,34,1
ERR1513871,0,0,0,0,0,0,0,0,0,14,1,1,2,5,3,0,2,0,2,0,0,2,0,14,0
ERR1513872,0,0,0,0,1,0,11,0,0,18,0,0,0,6,2,0,0,0,0,0,0,0,0,12,0
ERR1513873,0,0,0,0,0,1,0,0,0,22,0,0,0,17,1,0,0,0,0,0,0,0,0,4,0
ERR1513874,0,0,0,0,0,3,0,0,0,2,0,0,2,33,2,1,0,0,3,0,0,1,0,4,0
ERR1513875,0,0,0,0,0,6,0,0,0,66,23,0,0,4,4,0,0,0,3,0,0,3,0,14,0
ERR1513876,0,0,0,0,0,2,0,0,0,145,8,1,0,9,1,0,0,0,4,0,0,0,0,88,0
ERR1513877,0,0,0,0,0,7,0,0,0,1,0,0,0,114,0,8,463,0,3,0,0,6,0,0,0
ERR1513878,0,0,0,0,3,8,0,0,0,4,4,0,1,57,6,0,0,0,0,0,0,0,0,3,25
ERR1513879,0,0,0,0,5,1,53,0,0,0,1,0,0,4,0,0,0,0,0,0,0,0,0,1,1
ERR1513880,0,0,0,0,0,1,0,0,0,1,0,1,0,12,0,0,0,0,1,0,0,0,0,1,7
ERR1513881,0,0,0,0,0,1,0,0,0,1,1,0,0,6,3,0,16,0,0,0,0,0,0,1,6
ERR1513882,0,0,0,0,0,0,0,0,0,13,0,0,0,0,0,0,0,0,0,0,0,0,0,1,5
ERR1513883,0,0,0,0,8,3,14,0,0,12,0,0,0,3,1,0,0,0,0,1,0,0,0,78,0
ERR1513884,0,0,0,0,0,2,3,0,0,26,0,0,0,23,3,0,0,0,2,0,0,3,0,43,0
ERR1513885,0,0,0,0,0,2,0,0,0,4,0,0,0,6,0,0,0,0,1,0,0,1,0,1,1
ERR1513886,0,0,0,0,0,8,0,0,0,15,0,0,1,71,0,0,0,0,3,0,0,5,0,39,0
ERR1513887,0,0,0,0,0,1,1,0,0,13,7,0,0,2,10,0,0,0,1,0,0,3,0,5,0
ERR1513888,0,0,0,0,0,0,0,0,0,11,0,0,0,1,0,0,0,0,0,0,0,0,1,12,0
ERR1513889,0,0,0,0,0,3,0,0,0,33,4,0,1,6,4,0,0,0,2,0,0,2,0,5,2
ERR1513890,0,0,0,0,0,9,0,0,1,73,0,1,4,22,7,0,18,0,9,0,0,1,0,32,0
ERR1513891,0,0,0,0,2,1,0,0,0,7,10,0,0,18,0,0,0,0,0,0,0,0,0,39,0
ERR1513892,0,0,0,0,0,0,0,0,0,7,0,0,0,47,3,0,0,0,5,0,0,0,0,1,0
ERR1513894,0,0,0,0,8,1,0,0,0,18,9,0,0,11,0,0,0,0,0,0,0,0,0,5,0
ERR1513895,0,0,0,0,0,0,0,0,0,0,0,0,0,0,0,0,0,0,0,0,0,0,0,0,2
ERR1513896,0,0,0,0,0,2,0,0,0,87,3,0,1,64,8,0,0,0,7,0,0,53,0,33,0
ERR1513898,0,0,0,0,0,6,510,0,0,16,1,0,2,8,0,0,0,0,4,0,0,2,0,24,0
ERR1513899,0,0,0,0,0,1,0,0,0,4,0,0,0,4,0,0,0,0,1,0,0,0,0,0,0
ERR1513900,0,0,3,0,459,2,5,0,0,29,0,0,0,2,0,0,0,0,5,0,0,0,0,44,0
ERR1513901,0,0,0,0,0,12,31,0,0,9,2,0,0,31,3,0,0,0,3,0,0,0,0,455,0
ERR1513902,0,0,0,0,1,0,0,0,0,7,1,0,0,0,0,0,0,1,2,0,0,0,0,0,0
ERR1513903,0,0,0,0,0,0,0,0,0,3,18,0,0,6,0,0,0,0,1,0,0,0,0,8,0
ERR1513904,0,0,0,0,1,2,5,0,0,0,0,0,0,22,0,0,0,0,0,0,0,0,0,4,0
ERR1513905,0,0,0,0,0,0,0,0,0,6,3,0,0,0,5,0,0,0,0,0,0,2,0,2,0
ERR1513906,0,0,0,0,2,1,1,0,0,18,0,0,0,29,11,0,0,0,0,0,0,8,0,35,0
ERR1513907,0,0,0,0,0,3,0,0,0,2,1,0,4,3,4,0,0,0,2,0,0,0,0,0,0
ERR1513908,0,0,0,0,6,2,4,0,0,17,1,0,0,2,0,0,0,0,0,0,0,4,0,115,0
ERR1513909,0,0,0,1,0,4,0,0,0,2,2,0,2,5,1,0,0,1,0,0,0,0,0,183,0
ERR1513910,0,0,0,0,8,3,0,0,0,9,3,0,0,0,0,0,0,0,0,1,0,0,0,1,0
ERR1513911,0,0,0,0,0,1,0,0,1,21,1,0,2,5,1,0,0,0,2,0,0,1,0,81,0
ERR1513912,0,0,0,0,0,2,0,0,0,2,0,0,0,60,1,0,0,0,1,0,0,0,0,0,1
ERR1513913,0,0,0,0,0,4,0,0,1,40,4,0,1,35,0,0,0,0,12,0,0,1,0,92,1
ERR1513914,0,0,0,0,0,0,0,0,0,2,0,0,0,1,0,0,0,1,0,0,0,0,0,4,0
ERR1513915,0,0,0,0,0,3,0,0,0,92,46,1,1,19,13,0,67,0,2,0,0,124,0,13,10
ERR1513916,0,0,0,0,0,0,0,0,0,33,0,0,1,12,8,0,1,0,3,0,0,0,0,158,0
ERR1513917,0,0,0,0,0,4,0,0,0,2,2,0,0,34,0,0,0,0,1,0,0,0,0,6,0
ERR1513918,0,0,0,0,0,9,0,0,0,4,0,0,0,6,0,72,0,0,1,0,0,1,0,5,0
ERR1513919,0,0,0,0,72,1,1,0,0,8,0,0,0,0,1,0,0,0,0,0,0,0,0,1,0
ERR1513920,0,0,0,0,0,0,0,0,0,2,1,0,0,5,0,0,0,0,0,0,0,0,0,0,0
ERR1513921,0,0,0,0,0,0,4,0,0,23,0,0,0,0,0,0,0,0,4,0,0,0,0,11,0
ERR1513922,1,0,0,0,0,5,2,0,0,16,0,0,2,2,6,0,0,0,2,0,0,7,0,5,5
ERR1513923,0,0,0,0,0,2,0,0,0,22,2,0,0,5,0,0,0,0,0,0,0,0,0,0,0
ERR1513924,1,0,0,0,0,0,20,0,0,23,2,0,1,8,5,0,0,0,0,0,0,2,1,77,0
ERR1513925,0,0,0,0,0,1,0,0,0,34,2,0,0,6,1,0,0,0,2,0,0,0,0,1,0
ERR1513926,0,0,0,0,7,1,0,0,0,7,0,0,0,9,0,0,0,0,4,0,0,0,0,5,0
ERR1513927,0,0,0,0,0,0,10,0,0,19,0,0,6,0,1,0,0,2,0,0,0,0,0,8,7
ERR1513928,0,0,0,0,0,7,0,0,0,14,12,0,0,8,0,0,0,0,2,0,0,1,0,6,0
ERR1513929,0,0,0,0,6,0,8,0,0,1,0,0,0,29,0,0,0,0,1,0,0,0,0,20,0
ERR1513930,0,0,0,0,0,1,1,0,0,42,0,0,1,24,1,0,0,0,1,0,0,0,0,27,1
ERR1513931,0,0,0,0,0,0,0,0,0,11,5,0,0,68,17,0,0,0,1,0,0,1,0,2,0
ERR1513932,0,0,0,0,73,5,0,0,0,0,0,0,0,4,4,0,0,0,0,0,0,0,0,2,5
ERR1513933,0,0,0,0,0,3,0,0,0,7,42,0,2,313,3,0,0,0,2,0,0,2,0,115,0
ERR1513934,0,0,0,0,0,1,0,0,0,4,0,0,0,41,2,0,0,0,0,0,0,0,0,0,0
ERR1513935,0,0,0,0,0,0,0,0,0,16,0,0,0,3,4,0,1,0,0,0,0,9,0,20,0
ERR1513936,0,0,0,0,0,0,0,0,0,18,0,0,0,17,7,0,1,0,2,0,0,2,0,5,0
ERR1513937,0,0,0,0,0,0,0,0,0,0,0,0,0,0,0,0,121,0,0,0,0,0,0,0,0
ERR1513938,0,0,0,0,0,0,0,0,0,11,0,0,0,0,5,0,0,0,0,0,0,0,0,17,0
ERR1513939,0,0,0,0,0,1,0,0,1,12,2,0,2,15,0,0,0,0,0,0,0,0,0,3,0
ERR1513940,0,0,0,0,11,1,3,0,1,25,1,0,0,36,2,0,0,0,3,0,0,4,0,11,0
ERR1513941,0,0,0,0,0,2,0,0,0,4,4,0,0,0,0,0,0,0,1,0,0,1,0,1,0
ERR1513942,0,0,0,0,0,0,3,0,0,5,1,0,0,11,0,0,0,0,0,0,0,1,0,75,0
ERR1513943,0,0,0,0,0,5,0,0,0,10,5,0,0,4,0,0,0,0,0,0,0,0,1,5,0
ERR1513944,0,0,0,0,0,5,0,0,0,4,5,0,0,6,0,0,10,0,0,0,0,0,0,1,0
ERR1513945,0,0,0,0,0,1,1,0,0,2,0,0,1,0,0,0,0,0,0,0,0,0,0,2,0
ERR1513946,0,0,0,0,9,1,167,0,0,8,0,0,0,1,3,0,0,0,0,0,0,0,0,20,0
ERR1513947,0,0,0,0,177,0,73,0,0,5,0,0,0,31,1,0,0,0,0,0,0,0,0,8,0
ERR1513948,0,0,0,0,8,2,1,0,0,12,0,0,0,16,0,0,0,0,1,0,0,0,0,57,0
ERR1513949,0,0,0,0,0,0,0,0,0,1,0,0,0,7,1,0,0,0,0,0,0,0,1,5,0
ERR1513950,0,0,0,0,0,3,0,0,0,6,0,0,0,18,0,0,0,0,4,0,0,1,0,1,2
ERR1513951,0,0,0,0,0,1,0,0,0,1,1,0,0,0,0,0,0,0,1,0,0,0,0,0,0
ERR1513952,0,0,0,0,3,3,0,0,0,7,1,0,0,0,2,2,54,0,2,0,0,6,0,2,0
ERR1513953,0,0,0,0,2,4,12,0,0,14,3,0,1,13,1,0,0,0,3,0,0,1,0,316,0
ERR1513954,0,0,0,0,0,3,1,0,1,45,1,0,0,34,11,0,0,0,2,0,0,24,0,2,2
ERR1513955,0,0,0,0,0,1,49,0,1,85,0,0,2,0,8,0,0,0,1,0,0,17,0,74,6
ERR1513956,0,0,0,0,0,0,1,0,0,4,2,0,0,0,0,0,0,0,1,0,0,0,0,3,0
ERR1513957,0,0,0,0,70,0,0,0,0,0,0,0,0,12,3,0,0,0,1,0,0,0,0,59,0
ERR1513958,0,1,0,0,3,2,2,0,0,8,2,0,1,4,0,0,2,0,0,0,0,0,0,25,0
ERR1513959,0,0,0,0,66,3,1,2,0,20,0,0,0,4,0,0,1,0,0,0,0,1,0,17,1
ERR1513960,0,0,0,0,1,0,16,0,0,0,27,0,0,0,0,0,0,0,0,0,0,0,0,17,0
ERR1513961,0,0,0,0,1,1,0,0,0,12,0,0,1,0,0,0,2,0,1,0,0,0,0,9,0
ERR1513962,0,0,0,0,14,0,15,0,0,3,0,0,0,0,0,0,1,0,0,0,0,20,0,4,1
ERR1513963,0,0,0,0,1,0,1,0,0,9,0,0,0,2,1,0,1,0,0,0,0,6,0,8,0
ERR1513964,0,0,0,0,6,3,116,0,0,7,1,0,4,10,0,0,6,0,2,0,0,0,0,21,0
ERR1513965,0,0,0,0,1,2,2,0,0,59,0,0,1,182,2,0,1,0,0,0,0,0,0,21,0
ERR1513966,0,0,0,0,1,1,6,0,0,4,0,0,0,9,6,0,6,0,0,0,0,2,0,27,0
ERR1513967,0,0,0,0,8,4,0,0,0,0,0,0,0,0,0,0,0,0,0,0,0,0,0,0,1
ERR1513968,0,0,0,0,0,0,0,0,0,4,0,0,0,1,3,0,1,0,1,0,0,0,0,10,1
ERR1513969,0,0,0,0,1,0,11,0,0,28,3,0,0,0,0,0,2,0,0,0,0,0,0,13,0
ERR1513970,0,0,0,0,4,0,0,0,0,4,0,0,0,0,2,0,0,0,0,0,0,0,0,6,0
ERR1513971,0,0,0,0,6,4,4,0,0,5,1,0,5,11,11,0,11,0,4,0,0,1,0,75,1
ERR1513972,0,0,0,0,7,5,1,0,0,7,0,0,0,0,2,0,45,0,1,0,0,0,0,3,0
ERR1513973,0,0,0,0,0,1,0,0,0,53,1,0,0,6,0,0,4,0,3,0,0,1,0,6,0
ERR1513974,0,0,0,0,0,3,0,0,0,1,0,0,0,0,0,0,0,0,1,0,0,0,0,2,0
ERR1513975,0,0,0,0,1,0,0,0,0,2,0,0,0,0,0,0,0,0,1,0,0,0,0,5,0
ERR1513976,0,0,0,0,0,0,1,0,0,1,0,0,0,0,0,0,2,0,0,0,0,0,0,7,0
ERR1513977,0,0,0,0,0,0,17,0,0,22,5,0,0,134,0,0,0,2,8,0,0,0,0,22,2
ERR1513978,0,0,0,0,0,0,0,0,0,0,0,0,1,0,0,0,0,0,0,0,0,0,0,4,0
ERR1513979,0,0,0,0,0,18,1,0,0,5,0,0,0,0,16,0,1,0,2,0,0,23,0,11,0
ERR1513980,0,0,0,0,0,1,0,0,0,14,1,2,0,6,0,0,0,0,2,0,0,0,0,2,1
ERR1513981,0,0,0,0,0,0,2,0,0,4,0,0,0,0,2,0,8,0,2,0,0,1,0,43,3
ERR1513982,0,0,0,0,20,2,8,0,2,134,0,0,2,1,3,0,5,0,4,0,0,75,0,47,1
ERR1513983,0,0,0,0,0,2,4,0,0,10,2,0,0,27,0,0,0,0,9,0,0,3,0,11,0
ERR1513984,0,0,0,0,1,4,1,0,0,22,2,0,0,7,1,0,11,0,3,0,0,1,0,6,1
ERR1513985,0,0,0,0,0,0,0,0,0,32,9,0,0,0,1,0,0,0,1,0,0,0,0,5,3
ERR1513986,0,0,0,0,0,0,9,0,0,10,0,0,0,0,0,0,1,0,5,0,0,162,0,40,0
ERR1513987,0,0,0,0,1,1,1,0,0,7,0,0,0,0,2,3,1,0,0,0,0,0,0,7,1
ERR1513988,0,0,0,0,23,0,19,0,0,27,2,0,3,0,2,0,3,0,2,0,0,22,0,47,1
ERR1513989,0,0,0,0,46,5,5,0,0,153,0,0,0,1,3,0,1,0,2,0,0,0,0,55,0
ERR1513990,0,0,0,0,2,1,0,0,0,10,0,0,2,0,0,0,1,0,0,0,0,0,0,2,0
ERR1513991,0,0,0,0,0,4,0,0,0,9,0,0,0,0,1,0,0,0,0,0,0,68,0,8,3
ERR1513992,0,0,0,0,0,2,1,0,0,9,0,0,0,0,4,0,1,0,0,0,0,0,0,14,0
ERR1513993,0,0,0,0,12,3,10,0,0,63,3,0,0,0,8,0,0,0,1,0,0,17,0,35,2
ERR1513994,0,0,0,0,12,2,3,0,0,20,1,0,4,1,2,0,0,0,1,0,0,1,0,31,3
ERR1513995,0,0,0,0,0,4,3,0,0,4,0,0,0,0,1,0,3,0,1,0,0,0,0,7,0
ERR1513996,0,0,0,0,1,4,0,0,0,7,0,0,0,47,1,0,1,0,1,0,0,0,0,34,1
ERR1513997,0,0,0,0,0,0,2,0,0,42,0,0,0,2,0,0,2,0,0,0,0,0,0,6,2
ERR1513998,0,0,0,0,1,13,4,0,0,4,0,0,0,51,1,0,3,0,1,0,0,0,0,74,0
ERR1513999,0,0,0,0,0,2,9,0,0,17,1,0,0,0,0,0,0,0,0,0,0,0,0,38,1
ERR1514000,0,0,0,0,1,0,0,0,0,3,1,0,3,0,1,0,0,0,0,0,0,1,0,19,0
ERR1514001,0,0,0,0,0,1,1,0,0,5,0,0,0,0,3,0,4,0,2,0,0,0,0,161,0
ERR1514002,0,0,0,0,1,0,1,0,0,1,0,0,0,0,2,0,2,0,0,0,0,22,0,3,1
ERR1514003,0,0,0,0,0,4,0,0,0,2,0,0,0,0,5,0,1,0,0,0,0,1,0,33,1
ERR1514004,0,0,0,0,8,0,2,0,0,22,0,0,0,11,2,0,3,0,1,2,0,2,0,22,2
ERR1514005,0,0,0,0,1,11,4,0,1,38,2,0,5,233,2,0,11,0,15,0,0,15,0,39,9
ERR1514006,0,0,0,0,1,0,2,0,0,18,0,0,1,90,1,0,0,0,3,0,0,19,0,19,0
ERR1514007,0,0,0,0,1,1,2,0,0,11,7,0,0,0,1,1,2,0,0,0,0,0,0,4,0
ERR1514008,0,0,0,0,0,3,1,0,0,2,2,3,0,6,6,0,2,0,0,0,0,0,0,10,1
ERR1514009,0,0,0,0,0,1,1,0,0,6,0,0,0,0,0,0,0,0,1,0,0,2,0,29,0
ERR1514010,0,0,0,0,0,2,1,0,0,5,0,0,1,21,1,0,3,0,0,0,0,132,0,6,0
ERR1514011,0,0,0,0,0,1,12,0,0,1,6,0,0,1,0,0,0,0,1,0,0,0,0,8,0
ERR1514012,0,0,0,0,0,3,0,0,0,6,0,0,1,0,1,0,0,0,1,0,0,0,0,6,0
ERR1514013,0,0,0,0,1,2,1,0,0,4,2,0,0,1,2,0,0,0,0,0,0,7,0,1,0
ERR1514014,0,0,0,0,0,5,1,0,0,1,0,0,0,0,1,0,1,0,0,0,0,0,0,6,1
ERR1514015,0,0,0,0,0,0,0,0,0,4,0,0,0,0,2,0,1,0,0,0,0,0,0,1,0
ERR365835,1,4,0,1,329,2074,242,14,21,258,11,10,1,0,217,0,0,32,595,0,2,1,3,7045,11
ERR365836,1,1,0,33,57,904,231,9,15,181,1,0,5,0,103,0,0,3,235,0,0,1,12,5840,1
ERR365837,0,0,0,0,51,265,204,12,10,267,0,3,2,1,145,31,0,4,278,0,0,1,16,6023,0
ERR365838,1,1,0,1,163,787,378,3,15,303,1,23,105,0,171,3,0,10,644,0,0,0,145,6456,2
ERR365839,0,0,0,0,119,597,130,11,21,415,1,5,11,0,299,60,0,2,171,0,1,2,8,8734,17
ERR365840,10,1,0,0,588,829,296,82,21,313,1,1,11,5,231,49,0,13,282,10,2,1,12,6669,153
ERR365841,1,2,0,1,111,267,690,45,18,177,2,5,2,0,258,64,0,8,276,10,0,0,6,5856,0
ERR365842,1,0,0,5,248,1211,275,7,527,246,3,29,3,0,151,2,0,144,307,0,6,1,12,7571,3
ERR365843,0,0,1,1,110,370,129,21,9,180,5,3,2,0,82,0,0,3,293,30,0,0,0,4918,2
ERR365844,0,0,0,28,66,471,851,1,19,268,6,19,0,0,260,108,1,11,460,0,1,0,11,6203,4
ERR365845,3,0,0,0,131,239,105,3,23,283,5,7,1,0,202,26,1,8,218,0,0,3,9,5633,1
ERR365846,1,0,0,0,143,382,147,6,51,255,9,9,5,0,176,81,5,11,140,0,0,4,17,6965,1
ERR365847,2,0,1,0,122,896,183,1,15,423,6,13,18,2,74,2,0,24,148,0,0,1,4,4961,4
ERR365848,2,0,0,4,118,202,248,5,16,239,4,29,3,1,230,1,0,4,379,0,4,2,9,5115,1
ERR365849,0,1,0,3,163,1012,275,10,29,286,2,22,9,0,202,3,0,8,172,32,10,2,4,6568,0
ERR365850,2,0,0,7,52,3878,111,4,4,85,2,9,1,1,50,38,0,1,208,0,0,0,1,5875,2
ERR365851,0,0,0,0,721,433,36,3,5,286,0,6,1,0,146,160,0,5,67,0,0,0,3,5576,16
ERR365852,2,1,0,5,137,299,301,0,56,487,0,5,9,0,158,11,2,9,484,0,0,0,84,6484,3
ERR365853,4,2,0,0,196,632,349,3,37,258,9,27,8,0,310,0,0,23,317,0,8,1,24,8498,1
ERR365854,4,2,5,5,106,199,331,1,230,260,6,20,2,7,373,0,0,19,687,0,0,7,72,8520,1
ERR365855,3,0,0,0,67,2061,73,106,89,167,0,2,8,0,67,0,0,5,234,0,0,0,7,5064,0
ERR365856,1,0,0,0,114,451,218,17,5,177,1,14,1,0,117,1,0,13,447,0,0,0,10,5072,2
ERR365857,0,0,0,1,86,319,284,63,41,260,6,6,2,4,217,44,0,1,495,1,0,0,7,4908,0
ERR365858,2,2,0,2,42,2226,124,10,7,123,2,3,0,1,94,2,0,0,529,0,0,0,24,4180,1
ERR365859,0,0,0,0,339,963,138,0,21,161,0,11,0,1,52,23,0,0,150,0,0,0,106,5300,8
ERR365860,0,0,0,0,420,1573,149,0,6,236,0,16,4,0,183,0,0,17,491,0,0,0,11,5948,18
ERR365861,6,0,0,0,176,660,266,19,20,222,0,36,1,0,217,1,0,2,424,1,2,0,3,6740,3
ERR365862,1,0,0,4,100,501,147,10,33,257,7,14,3,0,194,2,0,11,397,0,1,0,26,6206,2
ERR365863,0,1,0,2,156,284,648,4,24,403,1,34,11,0,209,16,0,18,837,0,1,1,16,7162,29
ERR365864,1,1,0,3,82,360,138,12,96,318,2,6,0,0,145,1,0,12,254,0,0,2,4,6271,4
ERR365865,0,0,0,0,632,525,37,1,14,221,2,1,0,0,111,51,0,14,361,0,7,0,4,6791,15
ERR365866,1,0,0,0,84,2791,55,0,3,48,0,6,0,0,37,3,0,0,329,0,0,0,10,3417,0
ERR365867,0,3,0,0,324,1591,85,43,150,298,0,25,16,0,99,0,0,9,306,0,0,1,57,4675,2
ERR365868,0,0,0,0,105,340,47,1,14,49,1,1,1,0,30,1,0,5,271,0,0,0,1,1894,0
ERR365869,1,4,0,2,69,1256,181,0,11,290,9,5,3,0,180,0,0,13,259,1,0,0,13,8805,8
ERR365870,13,3,1,39,164,498,195,2,16,249,9,17,3,1,228,12,0,22,226,0,2,15,6,6992,23
ERR365871,1,0,1,0,372,2010,183,314,9,169,5,2,1,0,99,1,0,20,350,2,0,0,13,4708,6
ERR365872,4,0,0,4,373,567,554,11,54,320,11,10,2,0,325,3,0,12,658,0,0,0,8,6893,7
ERR365873,1,0,0,4,87,279,120,1,24,314,1,3,2,0,98,24,0,6,139,0,1,0,23,5185,1
ERR365874,0,1,0,1,139,233,130,55,24,320,0,20,0,1,286,10,2,2,317,3,0,2,6,5628,1
ERR365875,0,2,1,0,152,376,417,5,54,528,0,25,5,2,181,64,0,11,950,0,3,1,15,7103,7
ERR365876,1,0,0,0,206,172,407,1,77,282,4,3,3,0,408,0,0,15,1309,0,0,0,5,6717,7
ERR365877,1,0,0,0,503,3827,144,6,16,221,5,12,3,0,137,1,1,294,516,0,0,0,18,5838,1
ERR365878,2,0,0,0,62,1051,226,13,15,568,1,10,3,0,160,6,0,21,357,0,1,1,10,6502,20
ERR365879,2,0,0,0,171,1360,400,3,19,444,8,14,8,1,105,2,0,7,791,0,1,0,7,7591,8
ERR365880,10,2,0,0,139,553,340,13,25,456,2,13,10,1,156,122,1,8,261,0,1,0,8,6101,9
ERR365881,3,1,0,0,314,1008,119,5,3,149,2,1,0,1,55,0,0,2,665,0,0,0,9,5590,0
ERR365882,17,1,0,0,253,1204,227,2,26,815,0,20,18,0,626,3,0,19,837,0,1,16,69,8922,0
ERR365883,2,2,0,2,132,283,179,1,12,235,3,5,0,0,187,0,0,6,479,0,0,1,16,5964,0
ERR365884,1,0,0,0,245,1198,270,6,43,361,6,10,0,0,331,0,0,7,621,0,0,1,21,7960,12
ERR365885,5,1,0,0,50,565,280,2,36,141,3,14,1,0,118,0,0,10,146,1,0,0,6,2626,1
ERR365886,0,0,0,0,139,769,29,0,12,142,0,0,0,0,116,0,0,0,231,0,0,0,3,4745,4
ERR365887,5,0,0,0,591,1138,273,6,14,250,0,18,13,1,164,505,0,3,350,0,0,0,8,5644,12
ERR365888,3,1,0,1,166,1372,201,13,13,352,4,9,7,1,194,2,0,14,127,0,0,3,5,6780,1
ERR365889,1,0,0,0,517,2057,214,330,31,615,7,7,4,1,204,4,0,30,604,0,2,10,13,8197,1
ERR365890,3,2,1,1,224,234,175,10,16,1128,17,7,2,2,266,1,6,10,639,0,1,14,56,8144,0
ERR365891,0,0,0,0,142,771,104,4,11,212,2,29,6,0,202,2,0,8,318,0,1,1,94,5410,0
ERR365892,4,1,0,5,227,244,292,0,373,176,3,2,4,0,166,0,3,37,473,0,2,1,6,5514,30
ERR365893,1,4,0,0,83,364,385,10,13,497,1,45,1,0,141,57,0,5,291,0,1,0,24,7891,69
ERR365894,0,0,0,1,350,2134,382,0,19,496,0,24,203,31,139,20,0,68,374,0,1,12,46,6704,17
ERR365895,0,0,0,0,249,2425,239,5,64,249,0,1,13,0,150,14,8,26,742,0,1,0,10,6051,10
ERR365896,0,0,0,0,165,1653,185,18,6,232,7,11,4,0,162,6,0,9,334,1,3,1,5,5674,19
ERR365897,9,1,0,1,341,1110,436,12,47,373,5,14,9,0,305,2,1,128,552,0,0,7,31,8534,4
ERR365898,0,8,0,0,310,2122,344,10,36,319,2,182,2,0,252,3,1,57,823,2,0,2,390,5773,12
ERR365899,2,0,0,0,436,3875,180,271,44,412,1,43,4,0,167,3,1,19,288,0,0,0,5,5495,0
ERR365900,1,0,0,0,390,701,141,9,25,192,6,60,7,18,223,0,0,4,200,0,0,0,8,5809,28
ERR365901,0,0,0,2,115,307,508,5,27,437,10,6,6,37,179,18,0,9,370,0,5,0,28,5687,43
ERR365902,2,1,0,0,763,1189,202,12,14,305,3,15,2,0,331,0,0,0,456,0,0,3,25,6907,63
ERR365903,0,2,0,0,134,604,315,13,251,308,0,0,2,1,235,0,0,13,1320,0,0,0,0,4861,1
ERR365904,0,2,0,0,173,1762,121,3,21,251,1,4,7,0,84,2,0,3,244,0,0,1,24,6852,36
ERR365905,13,3,1,5,373,424,336,40,35,353,10,7,5,5,318,1,0,11,722,2,0,2,25,8270,1
ERR365906,1,0,0,29,753,880,213,26,19,355,1,23,38,2,394,0,0,4,354,0,0,6,4,7830,0
ERR365907,0,4,1,1,185,387,595,10,85,326,7,19,5,7,238,15,1,25,269,3,0,1,25,5894,0
ERR365908,1,0,0,0,278,2086,130,1,8,90,0,5,1,3,57,1,0,5,567,0,6,0,23,3056,5
ERR365909,0,0,0,0,886,405,250,3,341,213,2,0,3,0,180,0,0,2,1264,0,1,1,11,5443,0
ERR365910,0,0,0,0,1,541,118,0,36,302,3,1,1,1,209,0,0,4,733,0,0,0,33,4634,0
ERR365911,1,0,0,17,286,1507,193,0,25,390,0,0,0,0,167,0,0,4,51,6,0,0,84,4184,1
ERR365912,0,1,0,0,297,1921,352,207,14,125,4,37,0,0,87,0,0,54,286,2,2,0,37,3828,0
ERR365913,0,0,0,0,155,722,193,0,21,304,0,56,5,1,182,0,0,7,308,0,0,4,14,6747,0
ERR365914,1,0,0,0,45,1165,118,0,20,218,0,7,2,0,170,0,0,0,292,0,0,0,20,6766,0
ERR365915,1,0,0,1,508,2123,385,1,14,272,1,172,1,30,144,0,0,17,60,0,0,0,10,4054,4
ERR365916,0,0,0,0,9,5388,99,1,30,352,3,65,0,4,188,0,0,49,352,0,0,0,28,3089,0
ERR365917,1,0,0,2,35,1407,210,0,93,283,2,11,0,0,154,0,0,0,382,0,0,0,12,6308,0
ERR365918,0,1,0,0,52,925,192,65,57,234,0,2,2,0,148,0,0,1,870,0,1,0,7,4997,0
ERR365919,4,0,0,4,65,1028,269,0,17,473,1,21,7,4,195,0,0,13,482,0,0,1,21,6229,0
ERR365920,6,2,0,0,580,1613,225,27,17,265,0,1,11,0,169,0,0,2,590,0,0,0,20,7008,0
ERR365921,0,2,0,2,25,1622,258,21,20,215,2,13,0,1,127,0,0,0,328,0,0,0,2,4128,0
ERR365922,1,1,0,35,133,398,314,91,12,118,7,1,10,1,59,0,0,3,107,5,1,0,4,5042,0
ERR365923,0,1,0,0,56,568,764,1,14,231,0,0,0,3,87,0,0,4,226,0,2,0,8,5921,0
ERR365924,1,0,0,0,763,766,268,0,73,269,15,1,0,0,152,0,0,20,495,0,0,0,20,6239,6
ERR365925,1,11,0,36,42,1576,251,0,18,351,5,77,31,0,167,0,3,230,283,1,0,85,110,4132,42
ERR365926,0,0,0,0,161,2659,256,0,49,229,3,6,5,0,245,0,0,4,224,0,0,1,9,6001,0
ERR365927,2,0,0,1,592,643,107,50,54,328,2,7,12,0,164,0,0,0,596,0,0,0,11,6257,0
ERR365928,0,1,0,0,71,558,168,97,23,557,0,6,2,0,285,0,0,0,257,0,0,0,5,5210,143
ERR365929,1,4,0,0,50,503,100,0,10,151,5,9,0,6,71,1,3,1,274,0,0,4,1,1498,5
ERR365930,2,5,0,12,228,412,120,0,19,507,0,11,26,2,305,0,0,0,335,0,1,6,3,5660,0
ERR365931,0,1,0,2,41,868,186,0,32,232,5,1,3,0,188,0,0,1,368,0,0,0,9,9177,0
ERR365932,2,0,0,6,49,1632,209,3,25,287,33,4,4,4,609,0,0,1,909,16,0,0,3,5753,0
ERR365933,1,0,0,0,8,793,252,0,42,418,9,4,5,0,223,0,0,1,612,0,0,0,6,5563,0
ERR365934,6,0,0,0,170,1268,280,1,34,289,0,1,8,0,180,0,0,0,252,0,0,0,1,4124,0
ERR365935,0,4,0,0,26,314,132,2,246,325,0,3,10,2,317,0,0,1,434,0,0,1,23,8116,0
ERR365936,0,0,0,0,34,1832,109,7,8,237,2,0,0,2,110,0,0,0,378,0,0,0,6,3844,0
ERR365937,1,0,0,0,39,402,94,1,21,372,3,2,6,0,86,0,0,13,238,0,0,0,28,7089,0
ERR365938,0,0,0,0,45,985,201,247,8,155,0,14,2,1,162,0,0,6,294,0,0,0,49,4195,0
ERR365939,0,0,0,1,363,864,109,85,19,236,0,10,28,1,167,0,0,0,532,0,0,0,20,6436,0
ERR365940,10,0,0,0,335,616,173,3,31,360,7,3,8,6,252,0,0,4,378,0,0,10,13,4332,2
ERR365941,1,0,0,0,171,1749,183,0,22,116,13,109,1,0,175,1582,25,0,329,0,0,0,5,3402,0
ERR365942,2,0,0,0,79,977,124,0,38,472,1,0,4,0,203,0,0,2,333,0,0,1,22,9048,0
ERR365943,0,0,0,4,267,1661,192,0,15,148,0,83,6,0,125,0,0,17,444,0,0,0,16,4025,0
ERR365944,8,0,0,0,115,386,390,0,19,258,0,2,13,0,203,0,0,2,339,2,0,0,3,5389,0
ERR365945,0,0,0,9,54,191,99,9,41,153,0,0,0,1,189,0,0,3,142,21,1,0,29,6071,0
ERR365946,0,0,0,9,363,4419,445,199,4,35,0,0,0,4,76,0,0,9,462,14,0,0,20,3424,0
ERR365947,3,0,0,1,46,509,70,0,25,316,0,3,7,0,178,0,0,1,144,2,0,0,33,4844,0
ERR365948,0,0,0,2,17,772,113,67,31,147,0,0,2,3,124,0,0,2,295,0,0,0,6,4821,1
ERR365949,0,0,0,1,525,768,343,18,19,220,1,6,4,0,130,0,0,8,351,0,53,0,13,4794,0
ERR365950,1,3,0,7,24,241,160,19,48,298,8,0,15,2,351,0,0,20,253,3,0,0,22,9024,0
ERR365951,0,0,0,0,331,1085,326,0,236,439,0,1,45,1,216,0,0,1,605,0,0,1,7,6413,0
ERR365952,1,0,0,1,280,290,268,0,32,446,3,14,2,0,219,0,0,50,297,0,1,0,33,5923,1
ERR365953,1,1,0,0,172,813,239,0,135,386,1,1,17,12,338,0,0,0,488,0,0,0,28,8064,0
ERR365954,0,0,0,0,1116,924,313,11,16,175,0,0,0,0,111,0,0,0,188,0,4,0,1,4850,0
ERR365955,3,1,0,30,151,242,134,96,21,267,11,0,24,6,172,0,0,386,31,6,0,4,228,6537,29
ERR365956,0,0,0,0,11,1925,244,1,34,431,28,62,62,14,193,0,0,0,171,0,0,0,3,4191,0
ERR365957,5,1,0,0,61,1315,165,10,10,201,2,12,2,3,114,0,0,11,383,0,0,0,22,4133,0
ERR365958,1,1,0,0,203,1743,179,0,58,371,1,5,4,1,106,0,0,3,130,0,0,0,2,4930,0
ERR365959,1,0,0,1,355,710,140,1,20,202,0,0,3,0,133,0,0,10,160,0,0,0,15,4847,0
ERR365960,0,2,0,0,140,262,581,6,32,211,1,0,5,0,278,0,0,0,489,0,1,0,3,5583,0
ERR365961,13,0,0,0,24,1200,129,1,16,379,6,2,0,2,273,0,1,1,709,0,1,0,3,7498,0
ERR365962,1,1,0,0,844,411,246,0,41,218,1,5,14,0,128,0,0,0,758,0,0,0,5,5529,0
ERR365963,0,4,0,0,596,1031,310,7,33,592,1,2,35,2,198,0,0,0,342,0,0,4,8,6905,2
ERR365964,3,2,0,0,209,166,359,59,16,411,0,0,40,1,254,0,0,3,329,0,0,0,12,7100,0
ERR365965,5,0,0,8,166,793,106,0,10,174,0,3,1,1,118,0,0,13,206,0,0,0,7,5065,8
ERR365966,0,2,0,0,268,1237,329,54,49,245,3,5,1,1,119,0,0,5,399,0,0,1,9,6537,0
ERR365967,1,0,0,0,215,826,319,0,39,307,6,0,5,0,263,0,0,1,411,0,1,0,25,5281,1
ERR365968,0,0,0,0,159,2356,269,0,3,127,0,151,0,2,30,0,0,35,59,0,0,0,91,2303,1
ERR365969,4,3,0,0,438,869,228,1,29,419,0,24,16,2,380,0,0,0,419,0,0,0,5,7308,0
ERR365970,1,0,0,0,102,554,185,20,34,271,1,1,24,1,100,0,0,1,149,0,0,0,7,6153,44
ERR365971,0,0,0,0,72,283,147,4,145,402,0,5,14,0,183,0,0,26,297,0,0,0,8,6335,0
ERR365972,12,0,0,0,223,1187,97,34,34,278,19,14,8,1,283,0,0,67,600,0,0,0,31,6986,0
ERR365973,8,1,0,0,156,354,200,3,147,261,1,0,0,0,217,0,0,0,460,0,0,0,8,9082,356
ERR365974,11,3,0,0,298,1157,234,1,66,254,0,3,9,0,152,0,0,0,616,0,0,0,7,8819,1
ERR365975,0,0,12,0,44,296,127,0,35,336,0,4,4,0,159,0,0,2,245,0,0,0,10,8354,0
ERR365976,19,4,0,2,109,501,240,0,37,175,8,15,8,5,127,0,0,1,171,17,1,0,3,5514,0
ERR365977,1,0,0,0,441,820,716,26,37,812,0,1,3,0,215,0,0,1,494,0,0,0,10,5610,121
ERR365978,0,0,0,1,52,1097,139,0,7,344,3,6,9,0,96,0,0,1,786,0,0,0,10,5777,0
ERR365979,0,0,0,0,38,2120,210,60,12,195,7,29,0,0,144,0,0,1,614,0,1,0,10,6333,0
ERR365980,0,0,0,0,781,937,1229,1,19,281,0,0,8,0,320,0,0,215,119,0,0,0,383,4240,0
ERR365981,5,0,0,0,18,772,112,59,57,302,1,0,28,0,190,0,0,0,564,0,0,4,8,6191,0
ERR365982,1,2,0,0,228,366,245,40,70,308,0,6,7,0,112,1,0,0,492,0,3,0,4,4295,1
SRR16873580,1,3563,163,0,892,0,138630,69,5,1451,0,6,0,0,2149,0,3,647,15749,9,0,0,47,50351,0
SRR16873581,1,1725,0,0,1305,0,224577,5,1,1160,1,0,0,0,4422,0,3,959,10553,0,1,0,109,79821,0
SRR16873582,0,1370,1,0,1140,0,87921,8,3141,775,0,0,3,1,6356,0,7,275,13701,7,0,1,348,195515,0
SRR16873583,4,6131,111,0,13840,0,434828,0,2,15,0,0,3,0,3572,0,12,787,25124,32,0,0,121,122788,0
SRR16873584,1,1828,91,0,4427,0,94664,8,3305,2760,1,0,4,0,7651,0,5,195,5497,0,0,0,8,93165,0
SRR16873585,13,2119,2,0,3694,0,132771,0,383,22,0,0,2,0,11149,0,2,564,22069,0,4,0,57,25067,0
SRR16873586,0,1404,305,0,31043,0,13856,7,3866,988,0,0,6,0,2053,0,5,135,9962,6,0,0,9,45429,0
SRR16873587,4,1322,24,0,103102,0,131279,143,0,4122,1,0,5,0,4211,0,3,576,138068,11,0,0,13,79804,0
SRR16873588,19,9142,70,0,2061,0,102687,19,0,1178,1,0,5,0,8559,0,200,487,22170,20,0,14,1034,160221,0
SRR16873589,5,3647,509,0,27315,0,43704,0,2072,1290,0,0,2,0,5966,3,3,50,8237,5,1,5,197,195641,0
SRR16873590,32,30039,6,0,3809,0,71985,0,2510,1070,2,0,0,0,4289,0,0,16,37633,31,0,3,193,129123,0
SRR16873591,2,3498,31,6,699,0,313593,0,0,111,0,0,146,0,8036,0,0,504,10339,92,0,0,118,18303,0
SRR16873592,0,1050,0,0,23088,1,114539,18,2223,445,0,0,0,0,1718,0,3,220,9648,1,0,116,9,42307,0
SRR16873593,2,14601,3,0,6053,0,127316,4,2,420,0,0,0,0,1431,0,4,518,12304,13,0,11,9,78660,0
SRR16873594,1,3161,397,1,2821,0,92010,8,3,4,1,0,0,0,1690,0,6,1362,5107,5,0,5,89,109774,0
SRR16873595,0,1056,2,0,859,0,112337,32,1920,1707,0,0,0,0,2052,0,6,168,5046,0,0,2,550,77262,0
SRR16873596,5,1148,44,0,1388,0,34353,2,1,1273,0,0,0,0,2198,0,9,664,7800,0,0,0,10,42889,0
SRR16873597,11,6740,2,0,2655,0,79605,9,1,538,1,0,1,0,1155,0,11,273,23236,9,0,0,2,39877,0
SRR16873598,2,5049,25,0,26723,0,133129,18,3355,9984,4,0,2,0,10291,103,0,2821,23887,8,0,1,28,193250,0
SRR16873599,1,2720,0,0,676,0,29952,6,1155,554,0,0,42,0,3364,0,7,382,8059,0,1,1,7,62912,0
SRR16873600,2,11141,371,0,11953,0,168424,15,25828,22520,19,0,0,0,10306,0,7,817,25088,49,0,20,81,202714,0
SRR16873601,0,845,73,0,7382,0,405263,40,11558,8,0,0,0,4,28140,0,0,245,46663,0,0,0,2,30059,0
SRR16873602,24,4059,192,0,14675,0,180178,1,23227,58,0,0,1,0,401,15,0,431,73760,21,0,0,3,90194,0
SRR16873603,3,11667,50,1,348,0,2673,0,7613,88,0,0,0,0,875,0,0,10,2076,2,0,0,2,6388,0
SRR16873604,7,5374,302,0,82085,0,166434,5,10118,13038,6,0,3,0,14138,23,0,90,21848,11,3,2,51,134051,0
SRR16873605,0,455,0,0,6190,0,211814,2,1,6732,0,0,0,0,1799,0,2,28,25771,1,0,0,135,40664,0
SRR16873606,2,388,188,1,76897,0,23539,28,1818,18560,0,0,5,0,23123,0,16,244,30506,6,1,3,8,47119,0
SRR16873607,27,6204,115,0,805,0,268732,0,30296,84,1,0,0,0,3312,7,0,196,21027,7,0,55,3973,123623,0
SRR16873608,3,2974,3,0,6183,0,71110,4,2701,662,0,0,2,0,4040,0,11,279,7184,1,0,2,28,89881,0
SRR16873609,2,8784,5,0,659,0,52123,1,1,172,15,0,0,0,321,0,66,26,45290,1,0,0,10,162396,0
SRR16873610,1,3190,0,0,7383,0,210167,42,8672,11222,0,0,0,0,9500,0,10,274,21957,24,0,4,69,212389,0
SRR16873612,1,4635,283,0,113420,0,21476,0,1274,4186,0,0,8,0,13074,0,9,393,16821,32,1,2,43,68992,0
SRR16873613,26,4490,398,0,24544,0,199679,26,0,1363,0,8,82,0,40115,0,0,972,27381,0,4,0,19,208614,0
SRR16873614,1,2603,8,1,5202,3,296534,3,127,1742,7,0,0,0,190,0,19,855,38187,25,48,0,4,20638,0
SRR16873615,0,181,0,0,7927,1,108196,30,5472,4351,0,0,781,1,7351,10,0,15,27592,5,0,1,1764,83608,0
SRR16873616,2,1117,0,0,858,1,104741,1,16376,1686,2,0,1,0,24081,14,0,734,52377,5,16,8,65,311259,0
SRR16873617,2,11563,64,1,1746,0,136785,159,5575,26441,0,0,0,0,11293,0,0,37,8185,12,5,0,37,106995,0
SRR16873618,6,14944,16,1,155,0,232790,37,3,14885,2,1,3,2,3170,0,1,2976,16711,12,10,9,15,94998,0
SRR16873619,87,13821,0,0,26014,0,226074,29,4994,8733,10,0,0,0,30851,0,0,99,92107,34,0,0,42,309503,0
SRR16873620,6,77,1,5,3935,0,98054,0,2720,5890,1,0,6,0,2613,19,1,555,1228,2,0,1,48,141953,0
SRR16873621,15,328,0,0,7172,0,138681,0,10066,132,0,0,0,0,9282,0,0,545,31249,7,0,0,10,35370,0
SRR16873622,1,326,1,0,65759,1,50571,1,11529,915,0,4,0,1,19498,1,0,7,27848,1,0,4,381,144386,0
SRR16873623,62,83676,0,1,22721,1,345868,0,11027,202,10,1,0,1,55723,1,0,10,110032,44,0,0,37,254120,0
SRR16873624,0,80,0,1,153628,0,28153,0,2042,273,0,0,0,0,1174,0,6,1,10030,3,0,0,3922,140389,0
SRR16873625,0,17,0,6,3153,0,87482,7,305,21456,0,0,0,0,1159,0,0,0,7395,0,0,0,7,47032,0
SRR16873626,0,33699,0,0,119879,0,51446,8,3115,123,0,0,0,0,13121,0,0,1,16831,4,1,0,4797,51950,0
SRR16873627,2,1375,3,0,15399,0,47671,0,912,1175,0,0,0,0,5878,0,2,411,42669,0,0,2,46,106198,0
SRR16873628,76,1690,2800,2,15503,7,384660,5,91137,93,0,0,0,0,17838,0,4,28,14082,10,0,3,393,256788,0
SRR16873629,0,431,0,0,41474,0,108439,892,1461,14926,0,0,815,0,45137,0,0,2,32905,9,1,0,11,82391,0
SRR16873630,2,306,0,1,6999,0,82380,1,1,260,0,4,0,0,5295,0,3,800,1760,0,0,0,3,91312,0
SRR16873631,0,342,0,0,38445,0,28804,0,6907,1792,0,4,33,0,4016,1,0,241,8664,192,0,0,508,93965,0
SRR16873632,15,256,5,0,57229,0,81796,0,932,36,0,5,0,0,4342,0,3,38,27415,1,0,0,8,85963,0
SRR16873633,1,18460,0,0,117631,0,54465,0,2532,200,0,4,0,0,10180,0,3,9,1610,1,1,0,3,58157,0
SRR16873634,0,236,0,10,1696,0,128439,0,0,9131,0,1,1,1,1972,0,2,14,35472,0,0,0,32,204386,0
SRR16873635,59,612,1,0,57203,0,254927,6,1,2692,3,4,0,0,31829,41,0,0,69870,0,0,2,17,371857,0
SRR16873636,15,15640,168,0,35931,0,52618,0,3666,16988,0,0,1,0,53675,0,1,14,16948,4,0,0,50,224196,0
SRR16873637,9,562,80,0,199586,0,240691,0,9257,1563,0,0,0,0,44970,0,12,682,91575,0,0,8,269,132203,0
SRR16873638,0,195,0,0,894,0,111494,0,1,762,0,5,0,0,31267,0,28,46,1155,4,0,0,2,43808,0
SRR16873639,23,1981,0,0,57216,0,49021,0,1169,114,0,0,1,0,4188,0,0,339,2405,0,0,2,1,83038,0
SRR16873640,0,66001,0,0,1072,0,63432,0,601,21,0,0,0,0,6913,8,1,327,2512,117,0,0,2,40223,0
SRR16873641,37,366,1,12,1885,9,371021,1,6,512,45,0,0,0,14566,24,1,0,7001,0,82,2,1319,128397,0
SRR16873642,0,3926,0,0,14828,0,27056,0,823,33,0,0,0,0,8002,0,0,7,3448,0,0,0,3171,39141,0
SRR16873643,1,313,1,17,4651,0,106470,1,8091,65,0,4,0,0,7917,0,0,4,14674,0,0,0,3,36061,0
SRR16873644,1,1919,0,0,35990,0,115175,0,331,5695,0,0,18,0,27850,0,1,735,19656,5,0,6,3,72969,0
SRR16873645,1,32461,0,0,121209,0,22981,0,6613,189,0,0,30,0,4382,0,3,154,1510,1,0,1,196,47398,0
SRR16873646,4,849,0,1,10113,0,243191,0,15755,77,0,0,0,0,19073,0,1,4494,17330,3,0,5,1467,153895,0
SRR16873647,0,3182,0,0,4516,0,159604,0,945,314,0,0,0,0,8136,0,1,22,18739,0,1,0,970,190709,0
SRR16873648,1,434,0,0,64822,0,134655,2,3599,1226,1,0,132,0,26807,41,0,64,2391,25,0,2,9,168678,0
SRR16873649,1,584,0,0,37597,0,24136,0,1598,525,0,0,0,0,4286,0,0,37,9075,264,1,3,98,76015,0
SRR16873650,1,2520,0,0,6258,0,87733,0,592,67,8,0,0,0,4324,0,3,58,12056,24,0,0,21,95841,0
SRR16873651,1,677,1,0,102764,0,66268,1,6289,20,0,0,43,0,16014,0,0,0,3641,9,0,1,368,83926,0
SRR16873652,0,1958,0,6,143,1,60692,1,5358,3207,1,11,0,0,12255,0,5,368,21047,8,0,1,39,43425,0
SRR16873653,2,2676,39,0,10317,1,188908,5,10828,32,0,21,0,0,46508,0,4,1476,29925,10,1,0,78,114329,0
SRR16873655,0,535,179,2,691,0,46790,0,2108,1422,0,0,2,0,8993,12,0,171,12434,17,1,4,88,420943,0
SRR16873656,1,2830,125,0,7887,0,68399,0,893,1479,0,0,0,0,8784,2,27,115,2216,38,1,0,1166,170164,0
SRR16873657,9,3968,7,0,19570,0,105856,1,7,152,2,0,0,0,412,0,164,399,13045,0,0,114,89,124067,0
SRR16873658,3,9424,0,0,12807,0,148861,0,0,491,0,0,0,0,7979,0,1,212,35723,18,0,94,62,45022,0
SRR16873659,0,1757,1,0,91,0,105467,54,1,173,0,0,0,0,4917,0,0,60,22521,7,0,0,34,65964,0
SRR16873660,8,1862,0,7,247673,0,30336,13,2732,3707,40,0,3,3,9389,0,1,256,27434,35,2,0,54,99748,0
SRR16873661,1,182,17,0,4395,0,102028,4,0,4118,6,0,0,0,9604,0,0,261,12611,0,0,0,18,117948,0
SRR16873662,1,224,8,0,142569,0,42526,10,6250,32194,0,0,1,0,36170,0,0,38,19137,0,0,0,112,45605,0
SRR16873664,0,641,198,0,198,0,62946,1,23000,2669,0,0,0,0,18172,0,0,123,35527,1,1,1,20,137534,0
SRR16873665,3,9713,1,0,24100,1,223321,93,1,4301,0,0,35,0,13252,0,0,4754,5297,17,2,0,105,191183,0
SRR16873666,1,20091,5,0,5821,0,24065,0,0,1306,0,0,402,0,896,0,200,38,42613,28,24,55,16,43641,0
SRR16873667,9,6894,0,5,308,0,68481,1,1,148,0,47,0,0,173,0,0,75,1339,9,0,18,7,23817,0
SRR16873668,1,145,0,0,6806,0,517744,0,1313,4232,1,0,7,0,1484,25,0,0,4316,15,1,0,6919,174099,0
SRR16873669,2,141,2,3,122106,0,73960,2,1,7028,0,0,1,0,1112,0,0,23,4881,12,0,0,23,230263,0
SRR16873670,2,1241,0,0,197700,1,84568,0,11621,313,0,0,0,0,19466,0,1,108,6342,0,0,0,2480,77537,0
SRR16873671,1,257,1,0,19750,0,242295,1,1459,256,0,0,0,0,13453,0,1,442,9661,0,0,3,152,220505,0
SRR16873672,1,641,124,0,262855,0,164404,0,1945,501,0,0,0,0,18154,0,0,111,6438,1,0,0,61,187474,0
SRR16873673,39,62071,0,0,50155,0,175208,0,6754,99,57,6,0,1,15898,0,0,6,50404,0,0,0,3,226550,0
SRR16873674,3,12197,344,0,1064,0,106319,0,4761,92,0,2,0,0,3681,0,0,565,20959,0,18,0,354,39107,0
SRR16873675,0,162,1,1,8960,0,128975,0,8373,110,0,10,0,0,11646,0,0,8,3378,1,0,0,2,58308,0
SRR16873676,2,284,0,0,2349,0,206592,0,852,7437,0,0,40,0,9501,0,1,13,4994,0,0,0,35,168679,0
SRR16873677,9,448,0,0,108575,0,142139,0,3919,7918,0,6,0,0,10229,1,0,299,64178,3,0,0,11,108664,0
SRR16873678,7,1111,139,0,15239,0,58180,10,4434,4726,0,0,20,0,4791,0,1,178,5430,0,0,0,12,45748,0
SRR16873679,0,187,0,0,11111,0,103499,0,0,61,0,5,0,0,10429,0,0,8,19836,0,13,1,5,53833,0
SRR16873680,2,66685,92,0,6890,1,199416,14,135,14672,1,0,0,0,9947,0,0,13,13849,2,0,4,35,191409,0
SRR16873681,0,1320,0,0,2446,0,49105,0,12308,36737,0,0,0,0,1706,0,1,14,2138,0,0,0,4,27126,0
SRR16873682,2,8215,1,3,21038,1,90769,193,2350,307,0,0,0,0,6275,0,0,9,41295,0,0,1,5136,189866,0
SRR16873683,3,695,0,0,25799,0,231538,0,22803,447,0,0,0,0,17189,0,1,2,81560,0,0,1,68,180632,0
SRR16873684,3,14587,0,84,3662,1,116351,0,4,5,0,7,58,0,1025,1,1,58,9341,43,1,115,29,26632,0
SRR16873685,1,490,0,0,11674,0,136881,0,0,22,0,0,0,0,658,0,0,558,12641,14,0,4,34,21323,0
SRR16873686,0,126,0,1,14484,8,125645,0,207,100,1,0,173,0,16398,0,1,113,47810,6,0,0,46,102974,0
SRR16873687,2,1666,1,0,78208,0,57757,4,7262,20435,0,0,0,0,4874,0,0,1264,7685,0,0,0,1417,113852,0
SRR16873688,1,558,0,0,129637,0,74071,0,4811,6801,0,0,0,0,17511,0,0,210,30846,3,0,0,150,265261,0
SRR16873689,1,454,33,0,6336,0,86382,31,3126,5202,0,0,0,0,18590,12,0,644,8939,2,1,0,3,29403,0
SRR16873690,0,515,205,0,28929,0,47059,124,4642,9344,12,0,0,0,21243,0,0,29,14061,2,0,0,25,106023,0
SRR16873691,0,513,6,0,27447,0,176431,0,28,95,4,0,1,0,1898,0,0,680,53186,3,0,1,126,93207,0
SRR16873692,0,56,4,1,156628,0,12725,34,3910,17100,1,0,3,1,10955,22,1,604,13682,78,14,0,2,75365,0
SRR16873693,2,677,0,0,12868,0,88661,6,0,551,1,0,0,0,2570,9,0,10,7947,11,0,0,8,94517,0
SRR16873694,0,305,3,0,9652,1,31850,0,1656,4987,0,0,0,0,11906,7,0,102,4266,10,1,0,60,145183,0
SRR16873695,1,30611,4,0,10930,1,115479,28,12264,7159,0,0,0,0,17410,0,0,780,4292,2,1,1,4824,123517,0
SRR16873696,7,37722,159,78,170,0,202233,0,46,1015,18,0,0,0,147,0,66,182,3621,235,0,0,99,34335,0
SRR16873697,2,10271,8,0,1346,0,98426,0,21015,14256,1,0,55,0,15789,12,0,34,21948,6,0,0,1,108297,0
SRR16873698,0,239,0,0,47453,0,16033,7,12881,19293,0,1,0,0,7746,0,0,339,5788,3,1,2,2,42163,0
SRR16873699,0,309,1,0,12671,0,88432,1,22400,498,0,0,0,0,16596,4,0,375,39628,0,0,17,22,189078,0
SRR16873700,11,12863,54,0,44562,1,170932,0,4891,970,0,0,60,0,15606,0,60,47,17714,3,0,14,3358,207640,0
SRR16873701,1,6060,0,0,346462,0,72006,32,7592,2678,0,0,0,0,16762,0,0,14,24474,0,0,0,4,94382,0
SRR16873702,1,24538,41,12,5012,0,148515,9,1,516,0,0,314,0,5111,0,2,144,3043,7,0,1,21,312346,0
SRR16873703,1,35,20,1,596,0,67662,21,453,2296,9,0,1,0,25483,0,0,84,11460,0,0,0,12,112013,0
SRR16873704,14,2627,37,0,187371,0,54043,10,47972,8044,0,0,0,0,55845,0,3,1515,63010,25,0,0,6,162025,0
SRR16873705,1,4346,0,0,2404,0,90250,49,4207,7331,0,0,0,0,6545,0,2,59,25527,0,0,0,3,82418,0
SRR16873706,0,3350,4,0,55320,0,156469,0,6375,1228,2,0,0,0,11112,0,0,105,13351,4,1,0,78,40260,0
SRR16873707,1,141,239,2,114419,0,17620,0,21,143,0,0,0,0,11369,0,1,12,7245,0,0,0,17,39449,0
SRR16873708,3,571,404,0,97679,0,117265,37,25435,6740,0,0,0,0,10833,0,1,1438,19106,10,0,8,28,159932,0
SRR16873709,4,2443,1,0,3206,0,157692,26,2,1825,0,0,0,0,379,6,2,51,623,7,0,1,12,13376,0
SRR16873710,12,9937,5,1,16812,0,67347,2,6338,33,0,0,572,0,884,1,1,47,10197,25,0,186,6,107466,0
SRR16873711,0,857,249,0,81112,0,43359,47,2335,8509,0,0,0,0,10166,18,0,24,22979,1,0,1,1,54969,0
SRR16873712,0,3130,3,1,92116,1,84300,12,1,5010,4,1,0,0,31471,0,16,92,12561,0,0,0,6,12052,1
SRR16873713,317,68641,2,0,15057,0,430368,68,1,636,0,0,0,0,11065,0,1,5,39554,24,0,5250,38566,324731,0
SRR16873714,2,5004,163,0,68443,0,283485,139,1978,30883,0,0,0,0,27419,0,0,1074,29177,248,8,56,32,102822,0
SRR16873715,1,1492,0,1,19676,0,68261,4,5708,2654,0,0,1,0,4484,0,5,105,3345,2,0,2,35,46917,0
SRR16873716,34,12401,2,0,232789,0,47359,0,1914,435,0,0,0,0,4712,0,0,1,20880,2,0,2,20,56534,0
SRR16873717,3,1096,222,0,85261,0,63068,2,7674,8108,2,0,4,0,7784,0,4,72,5818,14,1,0,272,118735,0
SRR16873718,8,541,34,0,2956,0,112361,2,28304,81,0,1,0,0,5195,0,3,383,135231,3,0,2,59,112787,0
SRR16873719,0,16684,0,1,4842,0,62601,0,2623,153,0,0,0,0,3921,0,2,0,4092,4,0,0,11,114653,0
SRR16873720,1,1273,1,8,4695,0,71387,0,1,160075,0,0,0,0,4127,0,0,26,89724,11,0,2,5,55474,0
SRR16873721,1,2381,0,0,15557,0,53527,0,5224,4654,0,0,0,0,15686,0,0,6,8336,31,0,1,97,105823,0
SRR16873722,1,2018,4,1,11989,0,91138,0,569,1136,0,0,5,1,2122,2,0,280,1938,22,0,0,30,34256,0
SRR16873723,5,12058,0,0,6664,0,96128,0,5146,51,0,0,37,0,13668,0,0,62,4473,3,0,17,31,74796,0
SRR16873724,2,52812,6,13,7914,0,150501,0,4445,107,0,0,1,0,8127,0,1,22,4574,2,0,0,22,69666,0
SRR16873725,1,779,32,0,103482,0,77768,0,1794,751,19,0,1,0,4046,0,5,8,2225,0,0,2,441,74631,0
SRR16873726,26,1567,0,15,24120,0,188490,0,7654,603,2,0,156,1,49728,0,11,1279,20839,12,1,3,178,158012,0
SRR16873727,1,505,0,0,5082,0,84452,0,3,2826,0,0,0,0,4012,0,1,6,40124,0,0,0,7,54870,0
SRR16873728,2,35776,1,0,9886,0,34197,0,4831,45,0,0,0,0,10634,0,5,156,27404,4,0,1,272,97126,0
SRR16873729,2,56998,0,0,2244,0,86497,3,1850,22,0,0,0,0,12735,0,4,9,2895,213,0,2,41,239309,0
SRR16873730,1,1194,1,0,8065,0,221079,0,189,335,0,0,0,1,8333,38,1,15,48354,0,0,0,38,120455,0
SRR16873731,6,674,1,0,9485,2,299020,0,9440,144,0,1,132,1,10611,0,4,1431,14633,0,0,6,11,188429,0
SRR16873732,25,5022,0,0,78809,1,114206,1,12091,796,0,0,440,0,17012,0,3,2621,13077,1,0,0,23,160631,0
SRR16873733,1,2206,20,0,78886,0,62487,1,2636,1250,0,0,26,0,15284,9,0,16,16112,1,0,0,10,165559,0
SRR16873734,2,19122,99,0,18692,0,197099,1,8105,1111,1,4,0,0,16075,0,0,1473,54887,0,0,0,31,183376,0
SRR16873735,1,58,1,4,3078,0,85467,0,0,10297,0,0,0,0,1458,0,0,1,1882,0,0,0,6,132024,0
SRR16873736,6,2640,46,0,71076,0,55357,0,4590,3568,0,0,0,0,7270,0,1,1436,1415,0,0,0,223,102053,0
SRR16873737,1,36,1,1,825,0,120037,5,947,16150,0,0,0,0,24742,1,0,12,10341,12,0,0,15,62239,0
SRR16873738,5,52,4,0,1508,0,204641,0,15377,744,0,0,0,0,8939,0,0,2,7609,0,0,0,89,337146,0
SRR16873739,8,36,3,0,243504,0,79035,1,6433,135,0,1,0,0,18385,0,0,387,2609,0,0,0,1186,86822,0
SRR16873740,19,98,0,0,20079,0,88833,0,1,29838,0,0,98,0,14525,0,0,97,50607,2,0,1,20,49175,0
SRR16873741,1,157,6,0,27420,0,296694,0,4,115,0,0,0,0,19115,1,0,1252,3855,0,0,0,2953,519638,0
SRR16873742,1,73,0,0,304,0,25869,0,1,45279,0,0,0,0,281,0,0,0,37197,1,0,2,4,116812,1
SRR16873743,3,132,1,1,727,0,29159,0,0,797,0,0,0,5,2770,0,1,306,1902,0,0,3,66,171828,0
SRR16873744,0,585,0,0,101,0,4696,0,3,45,4,0,0,0,51,0,0,161,25551,3,0,0,28,215829,0
SRR16873745,81,844,0,0,9235,0,157157,0,4765,2163,0,0,0,0,10291,0,0,2610,56639,2,0,4003,3,242564,0
SRR16873746,18,89,0,0,16044,0,255541,0,13149,117,0,0,0,0,40521,0,166,1,110504,8,0,0,26,75937,0
SRR16873747,21,376,0,34,11041,0,157028,1,1,44,0,24,0,0,27835,0,0,18,30839,17,0,0,7,194153,0
SRR16873748,11,411,0,0,22597,1,43931,0,1640,269,0,0,0,0,7595,7,0,6,58300,0,0,0,17,103564,0
SRR16873749,0,239,0,21,1849,0,289405,0,1,91,0,0,0,0,10396,0,0,19,119615,0,0,2,15590,62881,0
SRR16873750,12,51,0,0,28487,0,60396,0,5651,305,0,0,0,0,11267,7,23,21,2304,2,0,0,143,98882,0
SRR16873751,0,252,0,13,1238,1,186142,1,1,12,0,0,5,0,822,0,1,0,4826,0,0,1,1,171437,0
SRR16873752,1,27108,1259,1,112109,0,175243,0,53771,332,0,0,1,0,18380,0,0,32,7363,7,0,1,454,138731,0
SRR16873753,2,564,0,13,63567,0,49799,0,4620,334,0,0,0,0,8411,0,1,89,11703,0,0,1,26,82230,0
SRR16873754,2,692,0,0,4850,0,75255,0,1,32,0,0,0,1,9284,1,0,31,34109,1,0,2,9,49538,0
SRR16873755,10,2258,46,0,456,0,101396,0,5271,56,0,0,2,0,3076,0,0,221,7194,1,0,15,39,47085,0
SRR16873756,2,820,0,0,6126,0,108515,0,1568,4115,0,0,0,0,10687,0,3,18,2009,2,0,2,450,84998,0
SRR16873757,0,321,0,1,3888,0,65718,0,803,15,0,0,0,0,12427,0,2,1,44059,6,0,0,247,76172,0
SRR16873758,0,12745,1,2,245278,0,86619,2,7228,320,0,0,0,0,19714,0,0,405,22225,6,0,7,436,151878,0
SRR16873759,1,685,0,2,8991,0,132136,0,2,137,0,0,0,0,3059,1,5,12,30698,3,0,2,54,47548,0
SRR16873760,0,28826,1,0,8372,0,122803,22,0,434,0,0,0,0,49287,0,9,5,6014,22,0,4,31,86212,0
SRR16873761,0,575,0,0,3527,0,94029,0,6305,49,0,0,0,0,3274,0,0,0,8657,0,0,9,62,198673,0
SRR16873762,13,817,131,35,15088,0,61339,2,18,17,0,0,0,0,2745,0,1,11,9266,0,0,0,1,81443,0
SRR16873763,0,119,0,0,10170,0,106854,0,3850,378,0,0,1,0,36662,0,0,7914,6271,0,0,0,1873,256172,0
SRR16873764,2,213,1,3,12797,1,170580,0,0,94,0,0,0,0,15672,0,0,1,15929,0,37,0,17,177647,0
SRR16873765,10,76,0,0,2473,0,44730,0,1,38,0,0,0,0,305,1,1,2,59713,15,0,0,27,64497,0
SRR16873766,0,159,0,0,7243,0,72114,0,1,329,0,0,0,0,396,0,115,18,11543,0,0,3,34,130255,0
SRR16873767,3,98462,0,0,734,0,186219,2,4006,59,22,0,0,0,5620,0,0,518,6140,0,0,1,76,177395,0
SRR16873768,1,26609,0,0,52990,0,242858,0,0,432,12,19,0,1,42453,39,494,85,20603,0,0,1,1311,252067,0
SRR16873769,1,96,0,3,17492,0,162232,0,1739,2315,1,0,0,0,48561,0,0,543,1715,61,0,0,312,194715,0
SRR16873770,1,133,0,1,10113,0,164595,0,27871,24,1,0,0,0,14227,1,0,420,53454,16,0,1,621,213408,0
SRR16873771,23,3804,4,0,22791,0,56950,0,13787,640,0,0,0,0,25256,0,0,4,5655,78,0,1,959,247346,0
SRR16873772,0,15568,1,5,152284,0,172705,0,998,294,0,0,0,0,25448,7,20,394,95020,1,0,0,8,45545,0
SRR16873773,5,15544,30,1,2252,0,125374,18,2,3611,0,0,0,0,23505,0,3,285,11414,1,0,32,1085,159770,0
SRR16873774,12,14035,259,1,10879,0,87381,6,2997,3348,0,0,13,0,5332,0,16,274,5715,6,1,1,12,83188,0
SRR16873775,2,2386,269,0,5362,0,70439,1,4542,956,0,0,0,0,4710,0,4,281,8022,10,0,14,10,38976,0
SRR16873776,2,4776,1,19,6849,0,212005,30,0,2891,0,6,16,0,1208,0,4,96,7072,15,0,0,24,125572,0
SRR16873777,1,498,6,0,18564,0,91476,0,3684,12252,0,0,1,0,20866,0,0,125,26971,2,3,0,62,199582,0
SRR16873778,19,4981,26,0,2356,0,53602,3,2537,353,1,1,0,0,9083,1,0,50,8792,0,0,5,2,113212,0
SRR16873779,0,1604,3,0,5117,1,85047,1,5161,58,0,0,0,0,35342,0,0,38,46253,1,0,0,24,142477,0
