Genus,Cohort,beta,se,p,beta_FE,se_FE,z,p_FE,Q,df,p_Q,I2,k,q_FE
Eggerthella,finland,-0.336376591244862,0.321232788644461,0.296788179170727,-0.0896207994246541,0.0316461843682227,-2.83196224801895,0.00462633104399261,1.21898748444355,2,0.543626014319607,0,3,0.138102797172377
Eggerthella,malaysia,-0.0683019583892755,0.0398066096537897,0.0877951740767424,-0.0896207994246541,0.0316461843682227,-2.83196224801895,0.00462633104399261,1.21898748444355,2,0.543626014319607,0,3,0.138102797172377
Eggerthella,usa,-0.12054466407207,0.0528706355039096,0.0232399499801989,-0.0896207994246541,0.0316461843682227,-2.83196224801895,0.00462633104399261,1.21898748444355,2,0.543626014319607,0,3,0.138102797172377
Firmicutes,finland,0.218414244538517,0.144467327931207,0.132761188134426,0.295394790380703,0.109687318512356,2.69306237390995,0.00707990225300112,0.690869291831137,2,0.707912595271609,0,3,0.138102797172377
Firmicutes,malaysia,0.356585114973695,0.348167622054193,0.307033868651815,0.295394790380703,0.109687318512356,2.69306237390995,0.00707990225300112,0.690869291831137,2,0.707912595271609,0,3,0.138102797172377
Firmicutes,usa,0.413512132027231,0.19261689889882,0.0325301677135928,0.295394790380703,0.109687318512356,2.69306237390995,0.00707990225300112,0.690869291831137,2,0.707912595271609,0,3,0.138102797172377
Parasutterella,finland,-0.558752023212926,0.571723535266342,0.33005392800112,-0.0738246477231866,0.0287704148802408,-2.56599176725423,0.0102881270010248,0.745647365503928,2,0.688786667107792,0,3,0.138102797172377
Parasutterella,malaysia,-0.0683019583892755,0.0398066096537897,0.0877951740767424,-0.0738246477231866,0.0287704148802408,-2.56599176725423,0.0102881270010248,0.745647365503928,2,0.688786667107792,0,3,0.138102797172377
Parasutterella,usa,-0.0773122065941328,0.0417404066649382,0.0648797813360827,-0.0738246477231866,0.0287704148802408,-2.56599176725423,0.0102881270010248,0.745647365503928,2,0.688786667107792,0,3,0.138102797172377
Blautia,finland,-0.486495764217634,0.338936666081985,0.153353376165481,-0.090694317505873,0.0359946730075498,-2.519659436463,0.011746842761158,2.54496882906767,2,0.280134785589075,0.214135757909191,3,0.138102797172377
Blautia,malaysia,-0.0683019583892755,0.0398066096537897,0.0877951740767424,-0.090694317505873,0.0359946730075498,-2.519659436463,0.011746842761158,2.54496882906767,2,0.280134785589075,0.214135757909191,3,0.138102797172377
Blautia,usa,-0.171624805714328,0.0870253472639353,0.0494225902305665,-0.090694317505873,0.0359946730075498,-2.519659436463,0.011746842761158,2.54496882906767,2,0.280134785589075,0.214135757909191,3,0.138102797172377
Lactobacillus,finland,-0.125141024913518,0.405082345860317,0.757823280957058,-0.0680697975454417,0.0282547713529707,-2.40914345740351,0.0159900112958454,0.0202804680800656,2,0.989911004795648,0,3,0.138102797172377
Lactobacillus,malaysia,-0.0683019583892755,0.0398066096537897,0.0877951740767424,-0.0680697975454417,0.0282547713529707,-2.40914345740351,0.0159900112958454,0.0202804680800656,2,0.989911004795648,0,3,0.138102797172377
Lactobacillus,usa,-0.0672665952816698,0.0403098082989056,0.0961087703752542,-0.0680697975454417,0.0282547713529707,-2.40914345740351,0.0159900112958454,0.0202804680800656,2,0.989911004795648,0,3,0.138102797172377
Flavonifractor,finland,0.120098328399494,0.315763072239247,0.704251134382232,-0.0791369927311342,0.0329738787507962,-2.39999040844485,0.0163955014508818,0.752437573705792,2,0.686452129910498,0,3,0.138102797172377
Flavonifractor,malaysia,-0.0683019583892755,0.0398066096537897,0.0877951740767424,-0.0791369927311342,0.0329738787507962,-2.39999040844485,0.0163955014508818,0.752437573705792,2,0.686452129910498,0,3,0.138102797172377
Flavonifractor,usa,-0.110851615214646,0.059910097530159,0.0651560342870236,-0.0791369927311342,0.0329738787507962,-2.39999040844485,0.0163955014508818,0.752437573705792,2,0.686452129910498,0,3,0.138102797172377
Victivallis,finland,0.0701885999055684,0.379159539581551,0.853398314133847,-0.0670250857545709,0.0282450568001648,-2.37298463333873,0.0176449980021968,0.13202850826076,2,0.936117520655328,0,3,0.138102797172377
Victivallis,malaysia,-0.0683019583892755,0.0398066096537897,0.0877951740767424,-0.0670250857545709,0.0282450568001648,-2.37298463333873,0.0176449980021968,0.13202850826076,2,0.936117520655328,0,3,0.138102797172377
Victivallis,usa,-0.0672665952816698,0.0403098082989056,0.0961087703752542,-0.0670250857545709,0.0282450568001648,-2.37298463333873,0.0176449980021968,0.13202850826076,2,0.936117520655328,0,3,0.138102797172377
Sutterella,finland,0.305130975471741,0.517088716307796,0.556052447671641,-0.0666752317516398,0.0282813599575826,-2.35756808907499,0.0183950814977445,0.51890023942409,2,0.771475688463756,0,3,0.138102797172377
Sutterella,malaysia,-0.0683019583892755,0.0398066096537897,0.0877951740767424,-0.0666752317516398,0.0282813599575826,-2.35756808907499,0.0183950814977445,0.51890023942409,2,0.771475688463756,0,3,0.138102797172377
Sutterella,usa,-0.0672665952816698,0.0403098082989056,0.0961087703752542,-0.0666752317516398,0.0282813599575826,-2.35756808907499,0.0183950814977445,0.51890023942409,2,0.771475688463756,0,3,0.138102797172377
Pseudoflavonifractor,finland,0.238373308878465,0.374661340994869,0.525632111654677,-0.0660509641212572,0.0282431638518851,-2.33865315046312,0.0193533916556812,0.664315171376396,2,0.717374266029201,0,3,0.138102797172377
Pseudoflavonifractor,malaysia,-0.0683019583892755,0.0398066096537897,0.0877951740767424,-0.0660509641212572,0.0282431638518851,-2.33865315046312,0.0193533916556812,0.664315171376396,2,0.717374266029201,0,3,0.138102797172377
Pseudoflavonifractor,usa,-0.0672665952816698,0.0403098082989056,0.0961087703752542,-0.0660509641212572,0.0282431638518851,-2.33865315046312,0.0193533916556812,0.664315171376396,2,0.717374266029201,0,3,0.138102797172377
Unclassified,finland,0.102617789717359,0.0967145850214024,0.290449243744115,0.193270259403528,0.0827184177735862,2.33648399722225,0.0194660306836311,6.41864889985926,2,0.0403838853957723,0.688407945160569,3,0.138102797172377
Unclassified,malaysia,0.624820746164717,0.190554255781062,0.00123591558159328,0.193270259403528,0.0827184177735862,2.33648399722225,0.0194660306836311,6.41864889985926,2,0.0403838853957723,0.688407945160569,3,0.138102797172377
Unclassified,usa,0.00580466863870345,0.292358387352111,0.984171226238591,0.193270259403528,0.0827184177735862,2.33648399722225,0.0194660306836311,6.41864889985926,2,0.0403838853957723,0.688407945160569,3,0.138102797172377
Betaproteobacteria,finland,0.340910166142126,0.342189166264237,0.320793873219845,-0.0650097251293883,0.0282272244520562,-2.30308598848629,0.0212740054948074,1.41715004663499,2,0.492345278371779,0,3,0.138102797172377
Betaproteobacteria,malaysia,-0.0683019583892755,0.0398066096537897,0.0877951740767424,-0.0650097251293883,0.0282272244520562,-2.30308598848629,0.0212740054948074,1.41715004663499,2,0.492345278371779,0,3,0.138102797172377
Betaproteobacteria,usa,-0.0672665952816698,0.0403098082989056,0.0961087703752542,-0.0650097251293883,0.0282272244520562,-2.30308598848629,0.0212740054948074,1.41715004663499,2,0.492345278371779,0,3,0.138102797172377
Barnesiella,finland,-0.00590936797228895,0.552222133649509,0.991476755198676,-0.078619161816627,0.0342017152332078,-2.29869061479971,0.0215225138450457,0.291103132488828,2,0.86454530756985,0,3,0.138102797172377
Barnesiella,malaysia,-0.0683019583892755,0.0398066096537897,0.0877951740767424,-0.078619161816627,0.0342017152332078,-2.29869061479971,0.0215225138450457,0.291103132488828,2,0.86454530756985,0,3,0.138102797172377
Barnesiella,usa,-0.109227520073328,0.0673417660556395,0.105752336822305,-0.078619161816627,0.0342017152332078,-2.29869061479971,0.0215225138450457,0.291103132488828,2,0.86454530756985,0,3,0.138102797172377
Lentisphaeria,finland,0.862212114804721,0.379802353728012,0.0246821722885934,-0.0626472403502522,0.0282453218634606,-2.21796871896494,0.0265569653399756,5.96305777342681,2,0.0507152367098113,0.664601606089982,3,0.157298948552163
Lentisphaeria,malaysia,-0.0683019583892755,0.0398066096537897,0.0877951740767424,-0.0626472403502522,0.0282453218634606,-2.21796871896494,0.0265569653399756,5.96305777342681,2,0.0507152367098113,0.664601606089982,3,0.157298948552163
Lentisphaeria,usa,-0.0672665952816698,0.0403098082989056,0.0961087703752542,-0.0626472403502522,0.0282453218634606,-2.21796871896494,0.0265569653399756,5.96305777342681,2,0.0507152367098113,0.664601606089982,3,0.157298948552163
Oscillibacter,finland,0.0171422013834182,0.336192658897444,0.959404771424338,-0.0719178893926514,0.0332698876914958,-2.16165110202745,0.0306450793414271,0.114194110561676,2,0.944502395972608,0,3,0.168547936377849
Oscillibacter,malaysia,-0.0683019583892755,0.0398066096537897,0.0877951740767424,-0.0719178893926514,0.0332698876914958,-2.16165110202745,0.0306450793414271,0.114194110561676,2,0.944502395972608,0,3,0.168547936377849
Oscillibacter,usa,-0.0835684582420997,0.0616040226904429,0.175845662461649,-0.0719178893926514,0.0332698876914958,-2.16165110202745,0.0306450793414271,0.114194110561676,2,0.944502395972608,0,3,0.168547936377849
Clostridium_XlVa,finland,0.149209042855317,0.394291092139916,0.70567327113116,-0.119050566202904,0.0565409492775808,-2.10556362643366,0.0352422750093238,0.540572713161012,2,0.763160926890833,0,3,0.176308779534488
Clostridium_XlVa,malaysia,-0.177532770162199,0.210618771131544,0.400321905924934,-0.119050566202904,0.0565409492775808,-2.10556362643366,0.0352422750093238,0.540572713161012,2,0.763160926890833,0,3,0.176308779534488
Clostridium_XlVa,usa,-0.12048515284533,0.0593568408331933,0.0431670378340397,-0.119050566202904,0.0565409492775808,-2.10556362643366,0.0352422750093238,0.540572713161012,2,0.763160926890833,0,3,0.176308779534488
Akkermansia,finland,-0.332495022483338,0.392570210556114,0.398417506941263,-0.0787067427812174,0.0377467351215459,-2.08512716471448,0.0370577590616209,0.862830407768958,2,0.649589142838856,0,3,0.176308779534488
Akkermansia,malaysia,-0.0683019583892755,0.0398066096537897,0.0877951740767424,-0.0787067427812174,0.0377467351215459,-2.08512716471448,0.0370577590616209,0.862830407768958,2,0.649589142838856,0,3,0.176308779534488
Akkermansia,usa,-0.155253342681947,0.124738489251937,0.214142807801912,-0.0787067427812174,0.0377467351215459,-2.08512716471448,0.0370577590616209,0.862830407768958,2,0.649589142838856,0,3,0.176308779534488
Bacilli,finland,-0.581771418276981,0.305993610426323,0.059266557506366,-0.0855827560043469,0.0415903821124581,-2.05775353957884,0.0396137980338151,5.41585489567052,2,0.0666748507200962,0.630713887552856,3,0.176308779534488
Bacilli,malaysia,0.357730236370515,0.265659989351154,0.179697422380951,-0.0855827560043469,0.0415903821124581,-2.05775353957884,0.0396137980338151,5.41585489567052,2,0.0666748507200962,0.630713887552856,3,0.176308779534488
Bacilli,usa,-0.0873578179065958,0.042514119345764,0.0406786210385904,-0.0855827560043469,0.0415903821124581,-2.05775353957884,0.0396137980338151,5.41585489567052,2,0.0666748507200962,0.630713887552856,3,0.176308779534488
Gammaproteobacteria,finland,0.423920413382502,0.40084935016436,0.292029044988629,-0.104507896050922,0.0511952261371552,-2.04136018016483,0.0412150393716985,2.40077523415287,2,0.301077486516181,0.166935758271552,3,0.176308779534488
Gammaproteobacteria,malaysia,0.329218305066271,0.558062390803232,0.555926937707636,-0.104507896050922,0.0511952261371552,-2.04136018016483,0.0412150393716985,2.40077523415287,2,0.301077486516181,0.166935758271552,3,0.176308779534488
Gammaproteobacteria,usa,-0.117088631959094,0.0518401734099897,0.0245519239983155,-0.104507896050922,0.0511952261371552,-2.04136018016483,0.0412150393716985,2.40077523415287,2,0.301077486516181,0.166935758271552,3,0.176308779534488
Clostridium_IV,finland,-0.976809963863873,0.41614077173045,0.0202714228542967,-0.0623896187595815,0.0325973084121933,-1.91395000994144,0.0556265435046782,5.11747244429446,2,0.0774024982212325,0.609182067559576,3,0.195071311190333
Clostridium_IV,malaysia,-0.0683019583892755,0.0398066096537897,0.0877951740767424,-0.0623896187595815,0.0325973084121933,-1.91395000994144,0.0556265435046782,5.11747244429446,2,0.0774024982212325,0.609182067559576,3,0.195071311190333
Clostridium_IV,usa,-0.0327695776178147,0.0573313558274734,0.567990708034981,-0.0623896187595815,0.0325973084121933,-1.91395000994144,0.0556265435046782,5.11747244429446,2,0.0774024982212325,0.609182067559576,3,0.195071311190333
Lachnospiracea_incertae_sedis,finland,0.0543203550026101,0.36760642420074,0.88273280754931,-0.0650201474893551,0.0339795527226119,-1.91350804468027,0.0556830446301833,0.118390133892344,2,0.94252289616086,0,3,0.195071311190333
Lachnospiracea_incertae_sedis,malaysia,-0.0683019583892755,0.0398066096537897,0.0877951740767424,-0.0650201474893551,0.0339795527226119,-1.91350804468027,0.0556830446301833,0.118390133892344,2,0.94252289616086,0,3,0.195071311190333
Lachnospiracea_incertae_sedis,usa,-0.0598006561461937,0.0662839558488121,0.367608566877582,-0.0650201474893551,0.0339795527226119,-1.91350804468027,0.0556830446301833,0.118390133892344,2,0.94252289616086,0,3,0.195071311190333
Pasteurellaceae,finland,-0.179279115369026,0.204317108371517,0.38170101307245,-0.0745988084758047,0.0391488250228016,-1.90551845252969,0.0567127111429511,1.05963451743694,2,0.588712541933476,0,3,0.195071311190333
Pasteurellaceae,malaysia,0.116225555281524,0.21433193937219,0.588258809976074,-0.0745988084758047,0.0391488250228016,-1.90551845252969,0.0567127111429511,1.05963451743694,2,0.588712541933476,0,3,0.195071311190333
Pasteurellaceae,usa,-0.0773122065941328,0.0405971119038691,0.0577226586973996,-0.0745988084758047,0.0391488250228016,-1.90551845252969,0.0567127111429511,1.05963451743694,2,0.588712541933476,0,3,0.195071311190333
Bifidobacterium,finland,-0.0919968241199064,0.223889223086498,0.681754250868953,-0.0628213892603595,0.0333290050343086,-1.88488642837348,0.0594451728028101,0.101458346816319,2,0.950536066119277,0,3,0.195071311190333
Bifidobacterium,malaysia,-0.0683019583892755,0.0398066096537897,0.0877951740767424,-0.0628213892603595,0.0333290050343086,-1.88488642837348,0.0594451728028101,0.101458346816319,2,0.950536066119277,0,3,0.195071311190333
Bifidobacterium,usa,-0.0466062569002476,0.0633474167377857,0.462416168094862,-0.0628213892603595,0.0333290050343086,-1.88488642837348,0.0594451728028101,0.101458346816319,2,0.950536066119277,0,3,0.195071311190333
Enterobacteriaceae,finland,-0.223580603751166,0.579462153113928,0.700183418038989,-0.0713191576434038,0.0380988518342622,-1.87195031371698,0.0612134778270489,0.113144986680866,2,0.944997975951991,0,3,0.195071311190333
Enterobacteriaceae,malaysia,-0.0683019583892755,0.0398066096537897,0.0877951740767424,-0.0713191576434038,0.0380988518342622,-1.87195031371698,0.0612134778270489,0.113144986680866,2,0.944997975951991,0,3,0.195071311190333
Enterobacteriaceae,usa,-0.0977591130069203,0.135004464221475,0.469501930545813,-0.0713191576434038,0.0380988518342622,-1.87195031371698,0.0612134778270489,0.113144986680866,2,0.944997975951991,0,3,0.195071311190333
Ruminococcus,finland,-0.402468029238259,0.308556658751397,0.194192837568688,-0.0631599504864114,0.0337915889433471,-1.86910271050886,0.0616085260003612,1.42393113275198,2,0.490678787257222,0,3,0.195071311190333
Ruminococcus,malaysia,-0.0683019583892755,0.0398066096537897,0.0877951740767424,-0.0631599504864114,0.0337915889433471,-1.86910271050886,0.0616085260003612,1.42393113275198,2,0.490678787257222,0,3,0.195071311190333
Ruminococcus,usa,-0.0340823034941462,0.0653491028127882,0.602335928149531,-0.0631599504864114,0.0337915889433471,-1.86910271050886,0.0616085260003612,1.42393113275198,2,0.490678787257222,0,3,0.195071311190333
Dialister,finland,-0.0847835937085895,0.587786975936248,0.885511016753651,-0.0728199505153232,0.0395486740198141,-1.84127413421851,0.0655813962067253,1.49220918387845,2,0.474210201769521,0,3,0.195071311190333
Dialister,malaysia,-0.0683019583892755,0.0398066096537897,0.0877951740767424,-0.0728199505153232,0.0395486740198141,-1.84127413421851,0.0655813962067253,1.49220918387845,2,0.474210201769521,0,3,0.195071311190333
Dialister,usa,-0.59788634184291,0.43176050064118,0.167051762380811,-0.0728199505153232,0.0395486740198141,-1.84127413421851,0.0655813962067253,1.49220918387845,2,0.474210201769521,0,3,0.195071311190333
Clostridium_XI,finland,-0.375578363364008,0.44515946768999,0.400239782212379,-0.0722241362196095,0.0392667743715053,-1.83931930685961,0.0658682349473852,0.545869317458365,2,0.761142520023659,0,3,0.195071311190333
Clostridium_XI,malaysia,-0.0683019583892755,0.0398066096537897,0.0877951740767424,-0.0722241362196095,0.0392667743715053,-1.83931930685961,0.0658682349473852,0.545869317458365,2,0.761142520023659,0,3,0.195071311190333
Clostridium_XI,usa,-0.148233441620236,0.283691966226267,0.601658915727755,-0.0722241362196095,0.0392667743715053,-1.83931930685961,0.0658682349473852,0.545869317458365,2,0.761142520023659,0,3,0.195071311190333
Phascolarctobacterium,finland,-0.327974777618286,0.433192683796471,0.450220636931882,-0.0700857910625153,0.0394081721310113,-1.77845830630046,0.0753286138390954,0.364653812078777,2,0.833328875640728,0,3,0.206681739426791
Phascolarctobacterium,malaysia,-0.0683019583892755,0.0398066096537897,0.0877951740767424,-0.0700857910625153,0.0394081721310113,-1.77845830630046,0.0753286138390954,0.364653812078777,2,0.833328875640728,0,3,0.206681739426791
Phascolarctobacterium,usa,-0.0369371989284577,0.365224614022138,0.919503709114071,-0.0700857910625153,0.0394081721310113,-1.77845830630046,0.0753286138390954,0.364653812078777,2,0.833328875640728,0,3,0.206681739426791
Alistipes,finland,-0.437528171582931,0.261113170421008,0.0959814017047357,-0.0631025932546258,0.0358677142188127,-1.75931459890824,0.0785240883086271,2.65835062021208,2,0.264695462986396,0.247653795254277,3,0.206681739426791
Alistipes,malaysia,-0.0683019583892755,0.0398066096537897,0.0877951740767424,-0.0631025932546258,0.0358677142188127,-1.75931459890824,0.0785240883086271,2.65835062021208,2,0.264695462986396,0.247653795254277,3,0.206681739426791
Alistipes,usa,0.00358540937076404,0.0871867628520185,0.967222226507029,-0.0631025932546258,0.0358677142188127,-1.75931459890824,0.0785240883086271,2.65835062021208,2,0.264695462986396,0.247653795254277,3,0.206681739426791
Acidaminococcaceae,finland,-0.0283257536465857,0.128406400478412,0.825720590583729,-0.0658903411093891,0.0375442165716216,-1.75500641979551,0.0792582096632173,0.121570643715339,2,0.941025235642659,0,3,0.206681739426791
Acidaminococcaceae,malaysia,-0.0683019583892755,0.0398066096537897,0.0877951740767424,-0.0658903411093891,0.0375442165716216,-1.75500641979551,0.0792582096632173,0.121570643715339,2,0.941025235642659,0,3,0.206681739426791
Acidaminococcaceae,usa,-0.108620451140911,0.237690424906339,0.647981323524408,-0.0658903411093891,0.0375442165716216,-1.75500641979551,0.0792582096632173,0.121570643715339,2,0.941025235642659,0,3,0.206681739426791
Streptococcus,finland,-0.899213668295267,0.460824563270245,0.0529606525022709,-0.0680193996526196,0.0390555009901482,-1.74160868323716,0.0815769409115508,4.09934477389497,2,0.128777085731867,0.512117152785929,3,0.206681739426791
Streptococcus,malaysia,-0.0683019583892755,0.0398066096537897,0.0877951740767424,-0.0680193996526196,0.0390555009901482,-1.74160868323716,0.0815769409115508,4.09934477389497,2,0.128777085731867,0.512117152785929,3,0.206681739426791
Streptococcus,usa,0.13868539148255,0.2247426536886,0.537600144872142,-0.0680193996526196,0.0390555009901482,-1.74160868323716,0.0815769409115508,4.09934477389497,2,0.128777085731867,0.512117152785929,3,0.206681739426791
Lactococcus,finland,-0.0011698717368282,0.280415551425076,0.99667707171021,-0.0636253539276502,0.0372239271587934,-1.70925957533258,0.0874028777960863,0.123144080792692,2,0.940285204780585,0,3,0.206681739426791
Lactococcus,malaysia,-0.0683019583892755,0.0398066096537897,0.0877951740767424,-0.0636253539276502,0.0372239271587934,-1.70925957533258,0.0874028777960863,0.123144080792692,2,0.940285204780585,0,3,0.206681739426791
Lactococcus,usa,-0.0359326016334895,0.113305219879347,0.751342913261805,-0.0636253539276502,0.0372239271587934,-1.70925957533258,0.0874028777960863,0.123144080792692,2,0.940285204780585,0,3,0.206681739426791
Escherichia_Shigella,finland,0.255494767674333,0.577970064649473,0.659112323700834,-0.0650172699794885,0.0381946174324269,-1.70226263149554,0.088706146544946,0.338452173747136,2,0.844317992590393,0,3,0.206681739426791
Escherichia_Shigella,malaysia,-0.0683019583892755,0.0398066096537897,0.0877951740767424,-0.0650172699794885,0.0381946174324269,-1.70226263149554,0.088706146544946,0.338452173747136,2,0.844317992590393,0,3,0.206681739426791
Escherichia_Shigella,usa,-0.0433549102627849,0.139481729597367,0.756125399836478,-0.0650172699794885,0.0381946174324269,-1.70226263149554,0.088706146544946,0.338452173747136,2,0.844317992590393,0,3,0.206681739426791
Coprobacillus,finland,0.532403031928965,0.345045493338629,0.125027049030889,-0.0657673235659694,0.0391305876060209,-1.6807139271236,0.0928184941055944,3.87216176813475,2,0.144268247268225,0.483492653520151,3,0.206681739426791
Coprobacillus,malaysia,-0.0683019583892755,0.0398066096537897,0.0877951740767424,-0.0657673235659694,0.0391305876060209,-1.6807139271236,0.0928184941055944,3.87216176813475,2,0.144268247268225,0.483492653520151,3,0.206681739426791
Coprobacillus,usa,-0.317686495109393,0.271219146032548,0.242304523351407,-0.0657673235659694,0.0391305876060209,-1.6807139271236,0.0928184941055944,3.87216176813475,2,0.144268247268225,0.483492653520151,3,0.206681739426791
Porphyromonadaceae,finland,-0.539940889673771,0.382710317181621,0.160450148091989,-0.0641567332433596,0.0383050115172233,-1.6748913706634,0.0939555470361923,2.34479126168267,2,0.309624306543349,0.147045610121918,3,0.206681739426791
Porphyromonadaceae,malaysia,-0.0683019583892755,0.0398066096537897,0.0877951740767424,-0.0641567332433596,0.0383050115172233,-1.6748913706634,0.0939555470361923,2.34479126168267,2,0.309624306543349,0.147045610121918,3,0.206681739426791
Porphyromonadaceae,usa,0.0702831898177569,0.151409211270318,0.642812348062324,-0.0641567332433596,0.0383050115172233,-1.6748913706634,0.0939555470361923,2.34479126168267,2,0.309624306543349,0.147045610121918,3,0.206681739426791
Veillonella,finland,-0.393472449221375,0.446806090270453,0.37998357486247,-0.0652287462977272,0.0391692698821708,-1.66530411452521,0.0958520980785779,1.36391575348029,2,0.505626069109413,0,3,0.206681739426791
Veillonella,malaysia,-0.0683019583892755,0.0398066096537897,0.0877951740767424,-0.0652287462977272,0.0391692698821708,-1.66530411452521,0.0958520980785779,1.36391575348029,2,0.505626069109413,0,3,0.206681739426791
Veillonella,usa,0.163098759168625,0.252414636192734,0.518624588305873,-0.0652287462977272,0.0391692698821708,-1.66530411452521,0.0958520980785779,1.36391575348029,2,0.505626069109413,0,3,0.206681739426791
Eubacterium,finland,-0.0127753713518949,0.083430751135173,0.878513710213733,-0.0586368408424745,0.0352933451055685,-1.66141352334503,0.0966304236281099,0.369642272085386,2,0.831252951748538,0,3,0.206681739426791
Eubacterium,malaysia,-0.0683019583892755,0.0398066096537897,0.0877951740767424,-0.0586368408424745,0.0352933451055685,-1.66141352334503,0.0966304236281099,0.369642272085386,2,0.831252951748538,0,3,0.206681739426791
Eubacterium,usa,-0.0760665445990059,0.188775208330686,0.687245239300149,-0.0586368408424745,0.0352933451055685,-1.66141352334503,0.0966304236281099,0.369642272085386,2,0.831252951748538,0,3,0.206681739426791
Clostridiales,finland,0.287730906713917,0.140965139397744,0.0430622765797024,0.19522451564031,0.120286037534191,1.62300230053565,0.10458891308375,1.75982401007726,2,0.414819412093773,0,3,0.212329524410248
Clostridiales,malaysia,0.177757281903873,0.595664026988854,0.765704660429795,0.19522451564031,0.120286037534191,1.62300230053565,0.10458891308375,1.75982401007726,2,0.414819412093773,0,3,0.212329524410248
Clostridiales,usa,-0.0931593618702597,0.250218758981931,0.709897647227445,0.19522451564031,0.120286037534191,1.62300230053565,0.10458891308375,1.75982401007726,2,0.414819412093773,0,3,0.212329524410248
Clostridium_XlVb,finland,-0.396529052046071,0.361917813867995,0.275068521419628,-0.0492827193437201,0.0303824028430326,-1.62208103152124,0.104785999059603,1.63184187498787,2,0.442231871857817,0,3,0.212329524410248
Clostridium_XlVb,malaysia,-0.0683019583892755,0.0398066096537897,0.0877951740767424,-0.0492827193437201,0.0303824028430326,-1.62208103152124,0.104785999059603,1.63184187498787,2,0.442231871857817,0,3,0.212329524410248
Clostridium_XlVb,usa,-0.0163227470503007,0.0474261081088301,0.730934036515401,-0.0492827193437201,0.0303824028430326,-1.62208103152124,0.104785999059603,1.63184187498787,2,0.442231871857817,0,3,0.212329524410248
Finegoldia,finland,0.0543842678315645,0.0926950962851949,0.558323455157789,-0.0560684076441268,0.0350028595231058,-1.60182363406954,0.10919461523559,1.89786571119759,2,0.387153952260542,0,3,0.214678109349962
Finegoldia,malaysia,-0.0683019583892755,0.0398066096537897,0.0877951740767424,-0.0560684076441268,0.0350028595231058,-1.60182363406954,0.10919461523559,1.89786571119759,2,0.387153952260542,0,3,0.214678109349962
Finegoldia,usa,-0.130777746306354,0.120627858817075,0.279086081471744,-0.0560684076441268,0.0350028595231058,-1.60182363406954,0.10919461523559,1.89786571119759,2,0.387153952260542,0,3,0.214678109349962
Roseburia,finland,-0.265413473333807,0.520374110256807,0.610801807303066,-0.0574355581795574,0.0365070852215082,-1.57327153978645,0.115655956376197,0.737561765180218,2,0.691576930395102,0,3,0.214678109349962
Roseburia,malaysia,-0.0683019583892755,0.0398066096537897,0.0877951740767424,-0.0574355581795574,0.0365070852215082,-1.57327153978645,0.115655956376197,0.737561765180218,2,0.691576930395102,0,3,0.214678109349962
Roseburia,usa,0.00856600491996382,0.0930330878177595,0.926693958567003,-0.0574355581795574,0.0365070852215082,-1.57327153978645,0.115655956376197,0.737561765180218,2,0.691576930395102,0,3,0.214678109349962
Holdemania,finland,-0.0121343841460214,0.209068150062752,0.953796967825629,-0.0586410199423565,0.0374823884210004,-1.56449528465751,0.117701299476305,0.546518647195802,2,0.760895443897959,0,3,0.214678109349962
Holdemania,malaysia,-0.0683019583892755,0.0398066096537897,0.0877951740767424,-0.0586410199423565,0.0374823884210004,-1.56449528465751,0.117701299476305,0.546518647195802,2,0.760895443897959,0,3,0.214678109349962
Holdemania,usa,0.0284129157866187,0.1315179036972,0.829090099169094,-0.0586410199423565,0.0374823884210004,-1.56449528465751,0.117701299476305,0.546518647195802,2,0.760895443897959,0,3,0.214678109349962
Paraprevotella,finland,0.0911211764676,0.481526522173837,0.850175901846826,-0.0614417678732373,0.0393621065752834,-1.56093698277364,0.11853862026905,1.47518145590255,2,0.47826479858025,0,3,0.214678109349962
Paraprevotella,malaysia,-0.0683019583892755,0.0398066096537897,0.0877951740767424,-0.0614417678732373,0.0393621065752834,-1.56093698277364,0.11853862026905,1.47518145590255,2,0.47826479858025,0,3,0.214678109349962
Paraprevotella,usa,0.304929662409467,0.315896294480236,0.335103027502746,-0.0614417678732373,0.0393621065752834,-1.56093698277364,0.11853862026905,1.47518145590255,2,0.47826479858025,0,3,0.214678109349962
Collinsella,finland,0.259757054589825,0.287517245232288,0.367796709468693,-0.0558873186865721,0.0362999230698109,-1.53959881895869,0.123658173549883,1.44189003879141,2,0.486292482918625,0,3,0.214678109349962
Collinsella,malaysia,-0.0683019583892755,0.0398066096537897,0.0877951740767424,-0.0558873186865721,0.0362999230698109,-1.53959881895869,0.123658173549883,1.44189003879141,2,0.486292482918625,0,3,0.214678109349962
Collinsella,usa,-0.0211799996715312,0.0929588662862771,0.819908357322368,-0.0558873186865721,0.0362999230698109,-1.53959881895869,0.123658173549883,1.44189003879141,2,0.486292482918625,0,3,0.214678109349962
Acidaminococcus,finland,0.34569676330853,0.333069496230027,0.301050803946156,-0.060367811611615,0.0392251915899849,-1.53900616324914,0.123802791614086,1.71053293702054,2,0.425169881601278,0,3,0.214678109349962
Acidaminococcus,malaysia,-0.0683019583892755,0.0398066096537897,0.0877951740767424,-0.060367811611615,0.0392251915899849,-1.53900616324914,0.123802791614086,1.71053293702054,2,0.425169881601278,0,3,0.214678109349962
Acidaminococcus,usa,0.0765953479797181,0.318900711918547,0.810334192208749,-0.060367811611615,0.0392251915899849,-1.53900616324914,0.123802791614086,1.71053293702054,2,0.425169881601278,0,3,0.214678109349962
Actinomycetales,finland,-0.206479097754928,0.187339716492831,0.272229067170752,-0.0618083588701498,0.0404945683711125,-1.52633702139277,0.126925953227446,0.795319832334338,2,0.67189048790436,0,3,0.214678109349962
Actinomycetales,malaysia,-0.269506860335986,0.522986538338267,0.606917250079117,-0.0618083588701498,0.0404945683711125,-1.52633702139277,0.126925953227446,0.795319832334338,2,0.67189048790436,0,3,0.214678109349962
Actinomycetales,usa,-0.0533581567781697,0.041606126221617,0.200573636547513,-0.0618083588701498,0.0404945683711125,-1.52633702139277,0.126925953227446,0.795319832334338,2,0.67189048790436,0,3,0.214678109349962
Odoribacter,finland,0.132007788777535,0.467238316891469,0.777944563720431,-0.0594153845500165,0.039230935352871,-1.51450338911352,0.129898214905823,1.80799408381972,2,0.404947827196908,0,3,0.214678109349962
Odoribacter,malaysia,-0.0683019583892755,0.0398066096537897,0.0877951740767424,-0.0594153845500165,0.039230935352871,-1.51450338911352,0.129898214905823,1.80799408381972,2,0.404947827196908,0,3,0.214678109349962
Odoribacter,usa,0.276704877432168,0.266534732594988,0.299950234344902,-0.0594153845500165,0.039230935352871,-1.51450338911352,0.129898214905823,1.80799408381972,2,0.404947827196908,0,3,0.214678109349962
Ruminococcaceae,finland,0.263343549483013,0.262573260072996,0.317575231011391,-0.0587319746534639,0.0388947279679417,-1.51002405009421,0.131037287525301,1.68362693085428,2,0.430928340765279,0,3,0.214678109349962
Ruminococcaceae,malaysia,-0.0683019583892755,0.0398066096537897,0.0877951740767424,-0.0587319746534639,0.0388947279679417,-1.51002405009421,0.131037287525301,1.68362693085428,2,0.430928340765279,0,3,0.214678109349962
Ruminococcaceae,usa,0.0299028827333484,0.254542459282032,0.90655289844333,-0.0587319746534639,0.0388947279679417,-1.51002405009421,0.131037287525301,1.68362693085428,2,0.430928340765279,0,3,0.214678109349962
Catenibacterium,finland,0.246869511726099,0.293405593321773,0.401522696235573,-0.0578374475037713,0.0388831615280721,-1.48746771689372,0.136891323492366,1.64940846630919,2,0.438364627016074,0,3,0.219596498102337
Catenibacterium,malaysia,-0.0683019583892755,0.0398066096537897,0.0877951740767424,-0.0578374475037713,0.0388831615280721,-1.48746771689372,0.136891323492366,1.64940846630919,2,0.438364627016074,0,3,0.219596498102337
Catenibacterium,usa,0.105902928500756,0.231152502106148,0.647142233540408,-0.0578374475037713,0.0388831615280721,-1.48746771689372,0.136891323492366,1.64940846630919,2,0.438364627016074,0,3,0.219596498102337
Erysipelotrichaceae_incertae_sedis,finland,0.21216657836347,0.43358630571753,0.625352962698455,-0.0571444529493248,0.0393296204233113,-1.45296222883082,0.146234241437755,3.58491113141967,2,0.166550690956195,0.442106114578083,3,0.229796665116472
Erysipelotrichaceae_incertae_sedis,malaysia,-0.0683019583892755,0.0398066096537897,0.0877951740767424,-0.0571444529493248,0.0393296204233113,-1.45296222883082,0.146234241437755,3.58491113141967,2,0.166550690956195,0.442106114578083,3,0.229796665116472
Erysipelotrichaceae_incertae_sedis,usa,0.499219118005208,0.314951008690971,0.113899778271239,-0.0571444529493248,0.0393296204233113,-1.45296222883082,0.146234241437755,3.58491113141967,2,0.166550690956195,0.442106114578083,3,0.229796665116472
Peptostreptococcaceae,finland,-0.092727698811444,0.243759643087317,0.704204398990032,-0.047959768808565,0.033526174017973,-1.4305172067309,0.152568630922306,1.05893867714532,2,0.588917402522402,0,3,0.234955691620351
Peptostreptococcaceae,malaysia,-0.0683019583892755,0.0398066096537897,0.0877951740767424,-0.047959768808565,0.033526174017973,-1.4305172067309,0.152568630922306,1.05893867714532,2,0.588917402522402,0,3,0.234955691620351
Peptostreptococcaceae,usa,0.00825792226679874,0.064314464904876,0.897910617555359,-0.047959768808565,0.033526174017973,-1.4305172067309,0.152568630922306,1.05893867714532,2,0.588917402522402,0,3,0.234955691620351
Parabacteroides,finland,0.317394242724488,0.391640391641415,0.419034619006904,-0.0529833749753489,0.0377004039990372,-1.405379501416,0.159908458922449,1.83987081857521,2,0.398544782544601,0,3,0.24143041837311
Parabacteroides,malaysia,-0.0683019583892755,0.0398066096537897,0.0877951740767424,-0.0529833749753489,0.0377004039990372,-1.405379501416,0.159908458922449,1.83987081857521,2,0.398544782544601,0,3,0.24143041837311
Parabacteroides,usa,0.056965145554537,0.123125189420214,0.643910005062172,-0.0529833749753489,0.0377004039990372,-1.405379501416,0.159908458922449,1.83987081857521,2,0.398544782544601,0,3,0.24143041837311
Butyricimonas,finland,0.501887202950251,0.458091898618643,0.275081224830258,-0.0546094613925118,0.0392596733460218,-1.39098104335209,0.164231175235213,4.36604343059617,2,0.112700466876306,0.541919352889509,3,0.243188471021373
Butyricimonas,malaysia,-0.0683019583892755,0.0398066096537897,0.0877951740767424,-0.0546094613925118,0.0392596733460218,-1.39098104335209,0.164231175235213,4.36604343059617,2,0.112700466876306,0.541919352889509,3,0.243188471021373
Butyricimonas,usa,0.408210419180049,0.277983679869247,0.142920832997433,-0.0546094613925118,0.0392596733460218,-1.39098104335209,0.164231175235213,4.36604343059617,2,0.112700466876306,0.541919352889509,3,0.243188471021373
Veillonellaceae,finland,0.736392992068886,0.408456431624194,0.0735000685930805,-0.0603584897538945,0.0442207255561299,-1.36493666702236,0.172272956503948,3.93601593761789,2,0.139734935501788,0.491871976206881,3,0.250283351901962
Veillonellaceae,malaysia,-0.074165045442884,0.0469009157335062,0.115443801565346,-0.0603584897538945,0.0442207255561299,-1.36493666702236,0.172272956503948,3.93601593761789,2,0.139734935501788,0.491871976206881,3,0.250283351901962
Veillonellaceae,usa,-0.0308026920524962,0.140326648751446,0.826389559860202,-0.0603584897538945,0.0442207255561299,-1.36493666702236,0.172272956503948,3.93601593761789,2,0.139734935501788,0.491871976206881,3,0.250283351901962
Dorea,finland,-0.607443491520403,0.372558325818871,0.105188516691171,-0.0412026495104887,0.0316136547343075,-1.30331813441915,0.192466172483307,4.01187994386519,2,0.134533778267848,0.501480595634891,3,0.266395812522598
Dorea,malaysia,-0.0683019583892755,0.0398066096537897,0.0877951740767424,-0.0412026495104887,0.0316136547343075,-1.30331813441915,0.192466172483307,4.01187994386519,2,0.134533778267848,0.501480595634891,3,0.266395812522598
Dorea,usa,0.0172640037462211,0.052538157143699,0.742665089245047,-0.0412026495104887,0.0316136547343075,-1.30331813441915,0.192466172483307,4.01187994386519,2,0.134533778267848,0.501480595634891,3,0.266395812522598
Lactobacillales,finland,-0.555232377773877,0.250289081922274,0.0280955621266047,-0.0600536088757903,0.0463133073526203,-1.29668150060099,0.194740797089963,4.25623629649679,2,0.119061138577236,0.530101277119846,3,0.266395812522598
Lactobacillales,malaysia,0.136000335010843,0.398685754777556,0.733383090653648,-0.0600536088757903,0.0463133073526203,-1.29668150060099,0.194740797089963,4.25623629649679,2,0.119061138577236,0.530101277119846,3,0.266395812522598
Lactobacillales,usa,-0.04502726574678,0.0474598778950272,0.343438929204757,-0.0600536088757903,0.0463133073526203,-1.29668150060099,0.194740797089963,4.25623629649679,2,0.119061138577236,0.530101277119846,3,0.266395812522598
Coprococcus,finland,-0.243292758077347,0.618903820128219,0.694824991734154,-0.0429650293618158,0.0332082898078058,-1.29380433652192,0.195733014419297,1.50836721365132,2,0.470394484861428,0,3,0.266395812522598
Coprococcus,malaysia,-0.0683019583892755,0.0398066096537897,0.0877951740767424,-0.0429650293618158,0.0332082898078058,-1.29380433652192,0.195733014419297,1.50836721365132,2,0.470394484861428,0,3,0.266395812522598
Coprococcus,usa,0.0175010204471907,0.060512525094364,0.772598209683633,-0.0429650293618158,0.0332082898078058,-1.29380433652192,0.195733014419297,1.50836721365132,2,0.470394484861428,0,3,0.266395812522598
Sphingobacteriales,finland,0.0246920438135077,0.0812194828867008,0.761554362090475,-0.0464701104412526,0.0360355219325078,-1.28956396214513,0.197202094984261,2.35490930508643,2,0.30806186599981,0.150710392251563,3,0.266395812522598
Sphingobacteriales,malaysia,0.610422056896678,0.571520918922065,0.286824850147462,-0.0464701104412526,0.0360355219325078,-1.28956396214513,0.197202094984261,2.35490930508643,2,0.30806186599981,0.150710392251563,3,0.266395812522598
Sphingobacteriales,usa,-0.0672665952816698,0.0403098082989056,0.0961087703752542,-0.0464701104412526,0.0360355219325078,-1.28956396214513,0.197202094984261,2.35490930508643,2,0.30806186599981,0.150710392251563,3,0.266395812522598
Actinobacteria,finland,0.0601280086927272,0.253316535687851,0.812712450022794,-0.0534870955440854,0.0418761639244859,-1.27726827224521,0.201507550940039,1.63772897151767,2,0.440932054974113,0,3,0.2675186452135
Actinobacteria,malaysia,0.326954367929491,0.323506421672476,0.313445494038137,-0.0534870955440854,0.0418761639244859,-1.27726827224521,0.201507550940039,1.63772897151767,2,0.440932054974113,0,3,0.2675186452135
Actinobacteria,usa,-0.0634037680906327,0.042830879115998,0.139731089344126,-0.0534870955440854,0.0418761639244859,-1.27726827224521,0.201507550940039,1.63772897151767,2,0.440932054974113,0,3,0.2675186452135
Anaerococcus,finland,0.097882589789243,0.118300195668623,0.409374609994671,-0.0471393465713507,0.0372723872661637,-1.26472571329351,0.20596966911789,2.30380308926716,2,0.31603524252578,0.131870249971668,3,0.268807873255552
Anaerococcus,malaysia,-0.0683019583892755,0.0398066096537897,0.0877951740767424,-0.0471393465713507,0.0372723872661637,-1.26472571329351,0.20596966911789,2.30380308926716,2,0.31603524252578,0.131870249971668,3,0.268807873255552
Anaerococcus,usa,0.126058912374849,0.240557091116774,0.600606912903303,-0.0471393465713507,0.0372723872661637,-1.26472571329351,0.20596966911789,2.30380308926716,2,0.31603524252578,0.131870249971668,3,0.268807873255552
Megasphaera,finland,0.928052179193842,0.392671377080611,0.0194426042335815,-0.048938606515265,0.0393743005873255,-1.24290732242284,0.213901987076806,11.0746727976842,2,0.00393699948101847,0.819407757092543,3,0.274507550081901
Megasphaera,malaysia,-0.0683019583892755,0.0398066096537897,0.0877951740767424,-0.048938606515265,0.0393743005873255,-1.24290732242284,0.213901987076806,11.0746727976842,2,0.00393699948101847,0.819407757092543,3,0.274507550081901
Megasphaera,usa,0.740969112440815,0.366405501406344,0.0439480558758916,-0.048938606515265,0.0393743005873255,-1.24290732242284,0.213901987076806,11.0746727976842,2,0.00393699948101847,0.819407757092543,3,0.274507550081901
Bacteroidales,finland,-0.166713641534482,0.323412793099037,0.607006365277912,0.223271142448316,0.187111625563435,1.19325104346668,0.232771069464645,3.75616353397811,2,0.152883090051124,0.467541819756228,3,0.293825776209471
Bacteroidales,malaysia,-0.136844631454926,0.499697059125681,0.784488775230368,0.223271142448316,0.187111625563435,1.19325104346668,0.232771069464645,3.75616353397811,2,0.152883090051124,0.467541819756228,3,0.293825776209471
Bacteroidales,usa,0.568049342622347,0.25822311535926,0.0285049273749182,0.223271142448316,0.187111625563435,1.19325104346668,0.232771069464645,3.75616353397811,2,0.152883090051124,0.467541819756228,3,0.293825776209471
Prevotella,finland,0.604314563452224,0.435988910460319,0.167865740663562,-0.0398216479077855,0.0360412494478095,-1.10489088247205,0.269206873601679,4.2881553173117,2,0.117176063545767,0.533598983244425,3,0.334337568827891
Prevotella,malaysia,-0.0683019583892755,0.0398066096537897,0.0877951740767424,-0.0398216479077855,0.0360412494478095,-1.10489088247205,0.269206873601679,4.2881553173117,2,0.117176063545767,0.533598983244425,3,0.334337568827891
Prevotella,usa,0.0694357125198808,0.086551250033332,0.422980695329786,-0.0398216479077855,0.0360412494478095,-1.10489088247205,0.269206873601679,4.2881553173117,2,0.117176063545767,0.533598983244425,3,0.334337568827891
Faecalibacterium,finland,-0.0798183035963276,0.393293577100132,0.839461842544076,-0.0384430919346149,0.0359927418753892,-1.06807900514245,0.285484875402496,3.29195146684715,2,0.192824325834555,0.392457628813255,3,0.348925958825273
Faecalibacterium,malaysia,-0.0683019583892755,0.0398066096537897,0.0877951740767424,-0.0384430919346149,0.0359927418753892,-1.06807900514245,0.285484875402496,3.29195146684715,2,0.192824325834555,0.392457628813255,3,0.348925958825273
Faecalibacterium,usa,0.103790690397832,0.0862698656304125,0.229794899646603,-0.0384430919346149,0.0359927418753892,-1.06807900514245,0.285484875402496,3.29195146684715,2,0.192824325834555,0.392457628813255,3,0.348925958825273
Clostridia,finland,0.0692372221292854,0.283569376693185,0.807451922948007,-0.0487434635802148,0.0484164603194817,-1.00675396876548,0.314053020107319,0.204180932039114,2,0.902947861874926,0,3,0.377845039816618
Clostridia,malaysia,0.112040190670839,1.02263577695665,0.912872000619067,-0.0487434635802148,0.0484164603194817,-1.00675396876548,0.314053020107319,0.204180932039114,2,0.902947861874926,0,3,0.377845039816618
Clostridia,usa,-0.0526663841516348,0.0491948156987835,0.285139153271162,-0.0487434635802148,0.0484164603194817,-1.00675396876548,0.314053020107319,0.204180932039114,2,0.902947861874926,0,3,0.377845039816618
Anaerotruncus,finland,0.148388549528816,0.138984524132592,0.287459453317511,-0.0350386121022349,0.0360909299647381,-0.970842594980754,0.331626667826818,3.99739697666801,2,0.135511538360736,0.499674410204042,3,0.392850052656385
Anaerotruncus,malaysia,-0.0683019583892755,0.0398066096537897,0.0877951740767424,-0.0350386121022349,0.0360909299647381,-0.970842594980754,0.331626667826818,3.99739697666801,2,0.135511538360736,0.499674410204042,3,0.392850052656385
Anaerotruncus,usa,0.100426309128971,0.108551130322199,0.355556725801786,-0.0350386121022349,0.0360909299647381,-0.970842594980754,0.331626667826818,3.99739697666801,2,0.135511538360736,0.499674410204042,3,0.392850052656385
Lachnospiraceae,finland,-0.0747261814458564,0.20291666396272,0.713219835853997,-0.0954787237421544,0.103502822005333,-0.922474594337481,0.35628107624267,0.0822795284424729,2,0.959694989551164,0,3,0.415661255616448
Lachnospiraceae,malaysia,-0.180417447425094,0.320848435267506,0.574554869513345,-0.0954787237421544,0.103502822005333,-0.922474594337481,0.35628107624267,0.0822795284424729,2,0.959694989551164,0,3,0.415661255616448
Lachnospiraceae,usa,-0.0900681584328712,0.129809438694814,0.488260585788884,-0.0954787237421544,0.103502822005333,-0.922474594337481,0.35628107624267,0.0822795284424729,2,0.959694989551164,0,3,0.415661255616448
Burkholderiales,finland,-0.0723424635438811,0.512076217848497,0.887851843729965,-0.0363620387634115,0.0450948835204966,-0.806345108905408,0.420043887550738,0.538182347478404,2,0.764073589026227,0,3,0.482737005095624
Burkholderiales,malaysia,0.236636638331877,0.376211810256339,0.53009384976015,-0.0363620387634115,0.0450948835204966,-0.806345108905408,0.420043887550738,0.538182347478404,2,0.764073589026227,0,3,0.482737005095624
Burkholderiales,usa,-0.0400878182503326,0.0456021290220653,0.379992996478618,-0.0363620387634115,0.0450948835204966,-0.806345108905408,0.420043887550738,0.538182347478404,2,0.764073589026227,0,3,0.482737005095624
Proteobacteria,finland,0.155338409088818,0.331924332818945,0.640496824917291,-0.0339357464790909,0.0485849204882497,-0.698483112415472,0.48487511542615,0.513720977354083,2,0.773476114914627,0,3,0.549049763056081
Proteobacteria,malaysia,0.207400042628657,0.578395862477186,0.720302719016107,-0.0339357464790909,0.0485849204882497,-0.698483112415472,0.48487511542615,0.513720977354083,2,0.773476114914627,0,3,0.549049763056081
Proteobacteria,usa,-0.0398626286065739,0.0492919352589316,0.419262311405781,-0.0339357464790909,0.0485849204882497,-0.698483112415472,0.48487511542615,0.513720977354083,2,0.773476114914627,0,3,0.549049763056081
Bacillales,finland,0.142440931021334,0.121620646217195,0.243456602242835,-0.0235550034168502,0.0429315571054352,-0.548664083135902,0.58323599896879,5.04657595950245,2,0.0801954916322687,0.603691687978242,3,0.65085756406662
Bacillales,malaysia,0.870593545897187,0.539177605887666,0.108015970340851,-0.0235550034168502,0.0429315571054352,-0.548664083135902,0.58323599896879,5.04657595950245,2,0.0801954916322687,0.603691687978242,3,0.65085756406662
Bacillales,usa,-0.053878757162949,0.0460525030073336,0.242860971544169,-0.0235550034168502,0.0429315571054352,-0.548664083135902,0.58323599896879,5.04657595950245,2,0.0801954916322687,0.603691687978242,3,0.65085756406662
Fusobacterium,finland,0.0523813496652479,0.158940989622668,0.742207745152065,0.0533070469280068,0.120015416086926,0.44416832992019,0.656920887545942,0.668982600480193,2,0.715702071237,0,3,0.722612976300536
Fusobacterium,malaysia,-0.193828064461019,0.354579848224975,0.585256466978495,0.0533070469280068,0.120015416086926,0.44416832992019,0.656920887545942,0.668982600480193,2,0.715702071237,0,3,0.722612976300536
Fusobacterium,usa,0.144785793254378,0.213745092486151,0.498637751493306,0.0533070469280068,0.120015416086926,0.44416832992019,0.656920887545942,0.668982600480193,2,0.715702071237,0,3,0.722612976300536
Erysipelotrichaceae,finland,0.126588035744634,0.26185897008768,0.62953132925784,-0.0303609384304316,0.0787878652937841,-0.385350438385679,0.699977796946508,1.37847657031324,2,0.5019582725495,0,3,0.759130850209593
Erysipelotrichaceae,malaysia,-0.0229263001857963,0.0858253235071731,0.789656251179653,-0.0303609384304316,0.0787878652937841,-0.385350438385679,0.699977796946508,1.37847657031324,2,0.5019582725495,0,3,0.759130850209593
Erysipelotrichaceae,usa,-0.337114286120846,0.304969187325756,0.269782393814275,-0.0303609384304316,0.0787878652937841,-0.385350438385679,0.699977796946508,1.37847657031324,2,0.5019582725495,0,3,0.759130850209593
Bacteroidetes,finland,-0.2262074362397,0.173697724415013,0.194891201781215,0.0429633230525168,0.118741208855375,0.361823190673809,0.71748416100365,4.52192895072472,2,0.104249889801644,0.557710874762978,3,0.767309449962236
Bacteroidetes,malaysia,0.262453215133176,0.215970924368735,0.22576488650684,0.0429633230525168,0.118741208855375,0.361823190673809,0.71748416100365,4.52192895072472,2,0.104249889801644,0.557710874762978,3,0.767309449962236
Bacteroidetes,usa,0.300956930966875,0.247378795490406,0.22462435306824,0.0429633230525168,0.118741208855375,0.361823190673809,0.71748416100365,4.52192895072472,2,0.104249889801644,0.557710874762978,3,0.767309449962236
Clostridium_XVIII,finland,-0.0776780274069308,0.286884794749967,0.786960391728121,-0.0465022440714681,0.135664032456691,-0.342775039407098,0.731767705255925,0.0203563005953743,2,0.989873471786495,0,3,0.771864565817894
Clostridium_XVIII,malaysia,-0.0244209058059355,0.23888233190245,0.918680367796848,-0.0465022440714681,0.135664032456691,-0.342775039407098,0.731767705255925,0.0203563005953743,2,0.989873471786495,0,3,0.771864565817894
Clostridium_XVIII,usa,-0.046833103666191,0.201375378719225,0.816241158378323,-0.0465022440714681,0.135664032456691,-0.342775039407098,0.731767705255925,0.0203563005953743,2,0.989873471786495,0,3,0.771864565817894
Coriobacteriaceae,finland,0.137825414176879,0.351103467017621,0.695232850398782,0.0201683321272017,0.0992221480983398,0.203264417408226,0.838928365740592,0.587530535914458,2,0.745451452250205,0,3,0.87148786398568
Coriobacteriaceae,malaysia,-0.29605399874453,0.460293357256881,0.520867207169943,0.0201683321272017,0.0992221480983398,0.203264417408226,0.838928365740592,0.587530535914458,2,0.745451452250205,0,3,0.87148786398568
Coriobacteriaceae,usa,0.0262318770249484,0.106153681932403,0.804973619409158,0.0201683321272017,0.0992221480983398,0.203264417408226,0.838928365740592,0.587530535914458,2,0.745451452250205,0,3,0.87148786398568
Peptoniphilus,finland,0.0940041336599158,0.231513379989694,0.685314551228771,0.0310912943102862,0.163137275336983,0.190583631153964,0.848851815570468,0.467617504555473,2,0.791513176513586,0,3,0.87148786398568
Peptoniphilus,malaysia,0.145728464334951,0.387467491412968,0.707251932395159,0.0310912943102862,0.163137275336983,0.190583631153964,0.848851815570468,0.467617504555473,2,0.791513176513586,0,3,0.87148786398568
Peptoniphilus,usa,-0.126977733494005,0.285639349798489,0.656941959297078,0.0310912943102862,0.163137275336983,0.190583631153964,0.848851815570468,0.467617504555473,2,0.791513176513586,0,3,0.87148786398568
Fusobacteriaceae,finland,0.705156011329492,0.432967763135988,0.105571464151365,-0.00907743738691657,0.120979825001387,-0.0750326543025874,0.9401887307371,2.95239515070368,2,0.228504911270924,0.32258390292935,3,0.952559635088904
Fusobacteriaceae,malaysia,-0.0763042415990192,0.286907270400681,0.790558245044917,-0.00907743738691657,0.120979825001387,-0.0750326543025874,0.9401887307371,2.95239515070368,2,0.228504911270924,0.32258390292935,3,0.952559635088904
Fusobacteriaceae,usa,-0.0679535675484264,0.140246318375243,0.628328222767909,-0.00907743738691657,0.120979825001387,-0.0750326543025874,0.9401887307371,2.95239515070368,2,0.228504911270924,0.32258390292935,3,0.952559635088904
Bacteroides,finland,-0.00703977028189449,0.2707442262375,0.979292098332443,-0.00495667531300842,0.0841106767892202,-0.0589303938836416,0.953007549293575,1.44529636739638,2,0.485464951831893,0,3,0.953007549293575
Bacteroides,malaysia,0.0648340468761392,0.105731232982851,0.540468208232385,-0.00495667531300842,0.0841106767892202,-0.0589303938836416,0.953007549293575,1.44529636739638,2,0.485464951831893,0,3,0.953007549293575
Bacteroides,usa,-0.167403824026312,0.161678101819065,0.301226772548386,-0.00495667531300842,0.0841106767892202,-0.0589303938836416,0.953007549293575,1.44529636739638,2,0.485464951831893,0,3,0.953007549293575
